customer_key,customer_number,customer_name,age,purchasing_behavior_segment,age_segment,last_order_date,recency,total_orders,total_sales,total_quantity,total_products,lifespan,average_order_value,average_monthly_spend
1472,AW00012471,"Lacey Zeng",52,New,"45 - 70",2013-03-16,147,4,84,4,4,0,21.0000,84
2777,AW00013776,"Miguel Carter",93,New,"above 70",2013-03-16,147,4,71,4,4,0,17.7500,71
582,AW00011581,"Cindy Jordan",NULL,New,"above 70",2013-11-22,139,11,237,11,11,9,21.5455,26.3333
3822,AW00014821,"Maurice Raje",55,New,"45 - 70",2013-03-16,147,1,30,1,1,0,30.0000,30
13,AW00011012,"Lauren Walker",46,New,"45 - 70",2013-10-15,140,5,81,5,5,6,16.2000,13.5000
732,AW00011731,"Tanya Gill",59,New,"45 - 70",2013-08-04,143,5,121,5,5,4,24.2000,30.2500
3354,AW00014353,"Erin Reed",44,New,"20 - 45",2013-04-05,147,8,129,8,8,0,16.1250,129
348,AW00011347,"Roy Navarro",53,New,"45 - 70",2013-03-16,147,2,14,2,2,0,7.0000,14
3084,AW00014083,"Nathan Lopez",39,Regular,"20 - 45",2013-03-16,147,3,2751,3,3,12,917.0000,229.2500
3104,AW00014103,"Monique Blanco",76,Regular,"above 70",2013-09-08,142,7,3611,7,7,13,515.8571,277.7692
98,AW00011097,"Edwin Nara",52,VIP,"45 - 70",2013-07-24,143,5,8099,5,5,27,1619.8000,299.9630
1631,AW00012630,"Kevin Simmons",65,New,"45 - 70",2013-04-26,146,6,6825,6,6,8,1137.5000,853.1250
51,AW00011050,"Alan Zheng",68,VIP,"45 - 70",2013-11-19,139,6,5007,6,6,32,834.5000,156.4688
1134,AW00012133,"Colleen Xie",64,VIP,"45 - 70",2013-12-01,139,10,5830,10,10,21,583.0000,277.6190
3100,AW00014099,"Rafael Lin",80,New,"above 70",2013-09-14,141,5,200,5,5,5,40.0000,40.0000
2182,AW00013181,"Brian Morgan",77,New,"above 70",2013-11-02,140,4,186,4,4,7,46.5000,26.5714
2642,AW00013641,"Adrian Watson",49,New,"45 - 70",2013-06-07,145,6,144,6,6,2,24.0000,72.0000
3060,AW00014059,"Rodney Ramos",48,New,"45 - 70",2013-07-04,144,5,106,5,5,3,21.2000,35.3333
2628,AW00013627,"Natasha Rubio",47,New,"45 - 70",2013-11-20,139,6,214,6,6,8,35.6667,26.7500
181,AW00011180,"April Anand",77,New,"above 70",2013-09-25,141,6,138,6,6,6,23.0000,23.0000
741,AW00011740,"Jan Hall",60,New,"45 - 70",2014-01-18,137,14,384,14,14,10,27.4286,38.4000
186,AW00011185,"Ashley Henderson",75,New,"above 70",2014-01-26,137,68,1616,68,68,11,23.7647,146.9091
2186,AW00013185,"William Lee",77,New,"above 70",2013-07-21,143,8,150,8,8,4,18.7500,37.5000
2765,AW00013764,"Stephanie Parker",51,New,"45 - 70",2013-03-17,147,3,75,3,3,0,25.0000,75
3812,AW00014811,"Molly Sanchez",53,New,"45 - 70",2013-03-17,147,3,37,3,3,0,12.3333,37
3536,AW00014535,"Dustin Anand",53,New,"45 - 70",2013-03-17,147,3,123,3,3,0,41.0000,123
1569,AW00012568,"Stacey Ye",77,New,"above 70",2013-03-17,147,4,67,4,4,1,16.7500,67.0000
2939,AW00013938,"Alejandro Cai",52,New,"45 - 70",2013-03-17,147,6,3071,6,6,3,511.8333,1023.6667
1190,AW00012189,"Sophia Wright",54,VIP,"45 - 70",2013-03-17,147,4,5950,4,4,15,1487.5000,396.6667
1711,AW00012710,"Dalton Evans",78,New,"above 70",2013-07-26,143,4,4774,4,4,4,1193.5000,1193.5000
907,AW00011906,"Gabriella Sanders",52,VIP,"45 - 70",2013-07-12,143,7,8151,7,7,22,1164.4286,370.5000
576,AW00011575,"Jackson Campbell",54,VIP,"45 - 70",2013-09-16,141,7,6806,7,7,19,972.2857,358.2105
565,AW00011564,"Jorge Liang",53,Regular,"45 - 70",2013-03-18,147,2,4369,2,2,13,2184.5000,336.0769
72,AW00011071,"Linda Serrano",64,New,"45 - 70",2013-12-01,139,7,110,7,7,9,15.7143,12.2222
115,AW00011114,"Leslie Moreno",57,New,"45 - 70",2013-12-26,138,7,123,7,7,9,17.5714,13.6667
1037,AW00012036,"Summer Lopez",78,New,"above 70",2013-10-08,141,5,69,5,5,6,13.8000,11.5000
3313,AW00014312,"Claudia Lin",59,New,"45 - 70",2013-08-04,143,4,191,4,4,5,47.7500,38.2000
3957,AW00014956,"Krista Romero",56,Regular,"45 - 70",2013-03-18,147,4,4145,4,4,16,1036.2500,259.0625
1324,AW00012323,"Lawrence Alonso",63,VIP,"45 - 70",2013-05-15,145,11,10836,11,11,22,985.0909,492.5455
604,AW00011603,"Geoffrey Gonzalez",42,VIP,"20 - 45",2013-10-08,141,5,6767,5,5,20,1353.4000,338.3500
2561,AW00013560,"Andres Shan",44,VIP,"20 - 45",2013-08-24,142,5,6453,5,5,29,1290.6000,222.5172
200,AW00011199,"Jacqueline Bennett",67,New,"45 - 70",2013-10-17,140,6,132,6,6,6,22.0000,22.0000
1065,AW00012064,"John White",69,New,"45 - 70",2013-11-28,139,5,122,5,5,8,24.4000,15.2500
503,AW00011502,"Jared Peterson",44,New,"20 - 45",2014-01-27,137,42,1020,42,42,11,24.2857,92.7273
825,AW00011824,"Jill Martin",47,New,"45 - 70",2014-01-09,138,11,240,11,11,9,21.8182,26.6667
3503,AW00014502,"Katelyn Wright",81,New,"above 70",2013-09-29,141,5,122,5,5,6,24.4000,20.3333
3726,AW00014725,"Evan Morgan",53,New,"45 - 70",2013-12-09,139,10,319,10,10,8,31.9000,39.8750
1491,AW00012490,"Trisha He",53,New,"45 - 70",2013-09-03,142,8,168,8,8,5,21.0000,33.6000
3547,AW00014546,"Christina Sanchez",63,New,"45 - 70",2014-01-01,138,3,153,3,3,9,51.0000,17.0000
1829,AW00012828,"Carol Rubio",50,New,"45 - 70",2013-03-18,147,2,55,2,2,0,27.5000,55
846,AW00011845,"Natalie Jones",95,New,"above 70",2013-12-09,139,11,197,11,11,9,17.9091,21.8889
1532,AW00012531,"Autumn Xu",47,New,"45 - 70",2013-03-18,147,1,22,1,1,0,22.0000,22
2071,AW00013070,"Emma Clark",46,New,"45 - 70",2013-03-18,147,2,57,2,2,0,28.5000,57
1766,AW00012765,"Robyn Gill",65,New,"45 - 70",2013-03-18,147,2,1751,2,2,0,875.5000,1751
2067,AW00013066,"Carson Perry",45,Regular,"20 - 45",2013-03-18,147,5,3033,5,5,14,606.6000,216.6429
2891,AW00013890,"Jennifer Carter",47,New,"45 - 70",2013-03-18,147,4,2982,4,4,6,745.5000,497.0000
1170,AW00012169,"Abigail Howard",52,VIP,"45 - 70",2013-03-18,147,5,5948,5,5,16,1189.6000,371.7500
1173,AW00012172,"Eduardo Alexander",53,VIP,"45 - 70",2013-03-18,147,4,5930,4,4,15,1482.5000,395.3333
1185,AW00012184,"Isaiah Perez",59,VIP,"45 - 70",2013-03-18,147,3,5875,3,3,14,1958.3333,419.6429
1113,AW00012112,"Arianna Henderson",69,VIP,"45 - 70",2013-03-18,147,4,5930,4,4,15,1482.5000,395.3333
889,AW00011888,"Aaron Ross",55,New,"45 - 70",2013-03-18,147,3,2377,3,3,0,792.3333,2377
3736,AW00014735,"Maria Rogers",66,Regular,"45 - 70",2013-03-18,147,3,1854,3,3,19,618.0000,97.5789
2149,AW00013148,"Tyler Anderson",39,New,"20 - 45",2013-03-18,147,3,1137,3,3,0,379.0000,1137
1806,AW00012805,"Marvin Moreno",51,VIP,"45 - 70",2013-10-06,141,7,6522,7,7,23,931.7143,283.5652
1317,AW00012316,"Alejandro Luo",60,New,"45 - 70",2013-03-19,147,6,6799,6,6,9,1133.1667,755.4444
177,AW00011176,"Mason Roberts",46,New,"45 - 70",2014-01-27,137,60,1317,60,60,11,21.9500,119.7273
301,AW00011300,"Fernando Barnes",59,New,"45 - 70",2013-12-31,138,67,1499,67,67,11,22.3731,136.2727
2047,AW00013046,"Jonathan Rodriguez",67,New,"45 - 70",2013-07-02,144,3,65,3,3,3,21.6667,21.6667
3953,AW00014952,"Holly Srini",55,Regular,"45 - 70",2013-03-19,147,3,4153,3,3,15,1384.3333,276.8667
610,AW00011609,"Eugene Ye",43,VIP,"20 - 45",2013-11-23,139,9,6872,9,9,21,763.5556,327.2381
212,AW00011211,"Samantha Russell",64,New,"45 - 70",2014-01-07,138,33,792,33,33,11,24.0000,72.0000
521,AW00011520,"Jada Morgan",64,New,"45 - 70",2014-01-19,137,32,822,32,32,10,25.6875,82.2000
1929,AW00012928,"Carol Wright",50,New,"45 - 70",2013-11-03,140,10,247,10,10,7,24.7000,35.2857
2990,AW00013989,"Chloe Bradley",41,New,"20 - 45",2013-03-19,147,2,46,2,2,0,23.0000,46
3206,AW00014205,"Wesley Wu",72,New,"above 70",2013-03-19,147,1,33,1,1,0,33.0000,33
1869,AW00012868,"Julie Anand",44,New,"20 - 45",2013-03-19,147,1,33,1,1,0,33.0000,33
141,AW00011140,"Javier Alvarez",42,New,"20 - 45",2013-03-19,147,2,40,2,2,0,20.0000,40
1138,AW00012137,"Jack Green",87,New,"above 70",2013-05-11,146,4,92,4,4,1,23.0000,92.0000
1908,AW00012907,"Julia Bryant",48,New,"45 - 70",2013-03-19,147,2,142,2,2,0,71.0000,142
1467,AW00012466,"Willie He",52,New,"45 - 70",2013-03-19,147,2,59,2,2,0,29.5000,59
431,AW00011430,"Casey Yuan",67,New,"45 - 70",2013-03-19,147,2,85,2,2,0,42.5000,85
3108,AW00014107,"Alexandra Garcia",44,New,"20 - 45",2013-03-19,147,4,819,4,4,0,204.7500,819
1144,AW00012143,"Logan Turner",54,VIP,"45 - 70",2013-03-19,147,3,5993,3,3,16,1997.6667,374.5625
8,AW00011007,"Marco Mehta",55,VIP,"45 - 70",2013-03-19,147,8,8211,8,8,26,1026.3750,315.8077
12,AW00011011,"Curtis Lu",56,VIP,"45 - 70",2013-03-19,147,4,8133,4,4,26,2033.2500,312.8077
572,AW00011571,"Joel Sai",53,New,"45 - 70",2013-03-20,147,4,4390,4,4,3,1097.5000,1463.3333
870,AW00011869,"Kaitlyn Adams",41,New,"20 - 45",2014-01-16,137,14,268,14,14,9,19.1429,29.7778
3724,AW00014723,"Andrew Smith",44,New,"20 - 45",2013-06-20,144,5,88,5,5,3,17.6000,29.3333
3352,AW00014351,"Riley Gray",43,New,"20 - 45",2013-03-20,147,2,57,2,2,0,28.5000,57
3554,AW00014553,"Leah Ma",79,New,"above 70",2013-04-26,146,5,148,5,5,1,29.6000,148.0000
2833,AW00013832,"Priscilla Raji",43,New,"20 - 45",2013-03-20,147,2,24,2,2,0,12.0000,24
3531,AW00014530,"Ethan Smith",57,New,"45 - 70",2013-11-14,139,5,73,5,5,7,14.6000,10.4286
1490,AW00012489,"Wayne Rai",47,New,"45 - 70",2014-01-09,138,8,158,8,8,9,19.7500,17.5556
305,AW00011304,"Julia Garcia",54,New,"45 - 70",2013-04-22,146,5,122,5,5,1,24.4000,122.0000
2267,AW00013266,"Samuel Wang",63,New,"45 - 70",2013-03-20,147,2,30,2,2,0,15.0000,30
2928,AW00013927,"Gabriel Gonzales",56,New,"45 - 70",2013-03-20,147,3,3021,3,3,4,1007.0000,755.2500
1018,AW00012017,"David Simmons",43,New,"20 - 45",2013-03-20,147,3,2340,3,3,0,780.0000,2340
2969,AW00013968,"Lydia Sai",54,VIP,"45 - 70",2013-12-22,138,9,5181,9,9,17,575.6667,304.7647
1755,AW00012754,"Lindsey Deng",44,VIP,"20 - 45",2013-10-03,141,7,6503,7,7,23,929.0000,282.7391
3124,AW00014123,"Erick Mehta",40,New,"20 - 45",2013-07-15,143,3,62,3,3,3,20.6667,20.6667
719,AW00011718,"Sarah Jones",52,New,"45 - 70",2013-03-21,147,4,100,4,4,0,25.0000,100
3444,AW00014443,"Benjamin Wilson",54,New,"45 - 70",2013-03-21,147,1,22,1,1,0,22.0000,22
2551,AW00013550,"Joe Malhotra",50,New,"45 - 70",2013-03-21,147,1,70,1,1,0,70.0000,70
2611,AW00013610,"Omar Sharma",71,New,"above 70",2013-03-21,147,2,45,2,2,0,22.5000,45
1432,AW00012431,"Wyatt Thomas",64,New,"45 - 70",2014-01-08,138,8,224,8,8,9,28.0000,24.8889
541,AW00011540,"Alberto Navarro",55,VIP,"45 - 70",2013-03-21,147,5,5958,5,5,18,1191.6000,331.0000
537,AW00011536,"Logan Chow",56,VIP,"45 - 70",2013-03-21,147,5,5915,5,5,17,1183.0000,347.9412
1104,AW00012103,"Chloe White",64,VIP,"45 - 70",2013-03-21,147,6,5997,6,6,15,999.5000,399.8000
466,AW00011465,"Louis Luo",48,VIP,"45 - 70",2013-07-13,143,4,8158,4,4,23,2039.5000,354.6957
760,AW00011759,"Dawn Nath",44,VIP,"20 - 45",2013-07-09,144,3,8054,3,3,23,2684.6667,350.1739
1329,AW00012328,"Eugene Zhao",69,New,"45 - 70",2013-03-21,147,8,6792,8,8,9,849.0000,754.6667
3774,AW00014773,"Noah Ross",51,VIP,"45 - 70",2013-06-29,144,5,7016,5,5,14,1403.2000,501.1429
1129,AW00012128,"Kristy Munoz",57,VIP,"45 - 70",2013-12-04,139,9,8681,9,9,19,964.5556,456.8947
1373,AW00012372,"Darren Prasad",56,New,"45 - 70",2013-07-19,143,7,98,7,7,3,14.0000,32.6667
1336,AW00012335,"Francisco Ashe",66,New,"45 - 70",2013-03-22,147,9,6912,9,9,9,768.0000,768.0000
632,AW00011631,"Antonio Bennett",48,New,"45 - 70",2013-12-25,138,33,706,33,33,10,21.3939,70.6000
92,AW00011091,"Dalton Perez",62,New,"45 - 70",2014-01-08,138,59,1186,59,59,11,20.1017,107.8182
499,AW00011498,"Arturo Sun",45,New,"20 - 45",2014-01-09,138,30,560,30,30,10,18.6667,56.0000
224,AW00011223,"Hailey Patterson",68,New,"45 - 70",2014-01-06,138,56,1293,65,56,11,23.0893,117.5455
1761,AW00012760,"Krista Gomez",53,New,"45 - 70",2013-06-10,145,12,273,12,12,2,22.7500,136.5000
1940,AW00012939,"Eduardo Parker",54,New,"45 - 70",2014-01-27,137,13,238,13,13,10,18.3077,23.8000
2223,AW00013222,"Arturo Liu",73,New,"above 70",2013-11-06,140,9,150,9,9,7,16.6667,21.4286
2263,AW00013262,"Jaime Nara",62,New,"45 - 70",2013-09-25,141,5,87,5,5,6,17.4000,14.5000
2604,AW00013603,"Molly Martinez",69,New,"45 - 70",2013-06-10,145,6,134,6,6,2,22.3333,67.0000
3954,AW00014953,"Adrienne Gill",56,New,"45 - 70",2013-03-22,147,5,203,5,5,0,40.6000,203
2815,AW00013814,"Sarah Walker",40,New,"20 - 45",2013-04-13,146,7,230,7,7,0,32.8571,230
1145,AW00012144,"Kelly Jenkins",54,New,"45 - 70",2013-11-05,140,4,50,4,4,7,12.5000,7.1429
2431,AW00013430,"Edward Griffin",44,New,"20 - 45",2013-03-22,147,2,31,2,2,0,15.5000,31
2167,AW00013166,"Kyle Chen",43,New,"20 - 45",2013-03-22,147,2,72,2,2,0,36.0000,72
1636,AW00012635,"Brad Beck",67,New,"45 - 70",2013-03-22,147,1,50,1,1,0,50.0000,50
1175,AW00012174,"Charles Phillips",58,VIP,"45 - 70",2013-03-22,147,2,5873,2,2,15,2936.5000,391.5333
1117,AW00012116,"Amanda Gray",68,VIP,"45 - 70",2013-03-22,147,3,5933,3,3,16,1977.6667,370.8125
752,AW00011751,"Victoria Gonzales",49,VIP,"45 - 70",2013-07-17,143,6,8215,6,6,24,1369.1667,342.2917
915,AW00011914,"Meagan Rana",46,VIP,"45 - 70",2013-08-23,142,8,8166,8,8,22,1020.7500,371.1818
896,AW00011895,"Dustin Chander",50,VIP,"45 - 70",2013-07-25,143,5,8149,5,5,22,1629.8000,370.4091
583,AW00011582,"Claudia Ma",51,New,"45 - 70",2013-03-23,147,3,4379,3,3,3,1459.6667,1459.6667
577,AW00011576,"Micah Zhu",54,New,"45 - 70",2013-03-23,147,3,4486,3,3,3,1495.3333,1495.3333
960,AW00011959,"Elizabeth Davis",46,New,"45 - 70",2013-11-10,140,4,139,4,4,7,34.7500,19.8571
784,AW00011783,"Sara Mitchell",42,New,"20 - 45",2013-05-11,146,4,110,4,4,1,27.5000,110.0000
74,AW00011073,"Amy Ye",63,New,"45 - 70",2013-08-21,142,10,192,10,10,4,19.2000,48.0000
75,AW00011074,"Levi Arun",63,New,"45 - 70",2013-05-27,145,7,94,7,7,2,13.4286,47.0000
1993,AW00012992,"Ernest Zeng",45,New,"20 - 45",2013-08-08,143,9,158,9,9,4,17.5556,39.5000
15,AW00011014,"Sydney Bennett",51,New,"45 - 70",2013-04-30,146,6,138,6,6,1,23.0000,138.0000
201,AW00011200,"Jason Griffin",72,New,"above 70",2014-01-20,137,55,1461,55,55,11,26.5636,132.8182
2496,AW00013495,"Micheal Alvarez",57,New,"45 - 70",2013-04-18,146,5,58,5,5,0,11.6000,58
1833,AW00012832,"Douglas Prasad",55,New,"45 - 70",2013-03-23,147,2,40,2,2,0,20.0000,40
1236,AW00012235,"Donna Rai",76,New,"above 70",2013-07-06,144,4,62,4,4,3,15.5000,20.6667
1513,AW00012512,"Carolyn Gomez",41,New,"20 - 45",2013-03-23,147,1,9,1,1,0,9.0000,9
2907,AW00013906,"Courtney Evans",49,New,"45 - 70",2013-03-23,147,3,3021,3,3,5,1007.0000,604.2000
2987,AW00013986,"Chloe Anderson",40,Regular,"20 - 45",2013-03-23,147,4,1893,4,4,14,473.2500,135.2143
970,AW00011969,"Randy Xu",61,VIP,"45 - 70",2013-08-16,142,6,8173,6,6,21,1362.1667,389.1905
101,AW00011100,"Latasha Navarro",59,VIP,"45 - 70",2013-08-07,143,7,8172,7,7,27,1167.4286,302.6667
1318,AW00012317,"Carl She",66,New,"45 - 70",2013-03-24,147,9,6823,9,9,8,758.1111,852.8750
599,AW00011598,"Meredith Ruiz",41,Regular,"20 - 45",2013-03-24,147,5,4548,5,5,12,909.6000,379.0000
837,AW00011836,"Garrett Travers",54,New,"45 - 70",2013-04-22,146,2,70,2,2,0,35.0000,70
2869,AW00013868,"Shelby Morris",49,New,"45 - 70",2013-03-24,147,2,31,2,2,0,15.5000,31
323,AW00011322,"Sydney Garcia",81,New,"above 70",2013-05-21,145,4,44,4,4,1,11.0000,44.0000
538,AW00011537,"Dakota Ross",61,VIP,"45 - 70",2013-03-24,147,2,5873,2,2,18,2936.5000,326.2778
3703,AW00014702,"Curtis Zimmerman",47,VIP,"45 - 70",2013-10-06,141,7,6729,7,7,28,961.2857,240.3214
245,AW00011244,"Alexis Coleman",56,VIP,"45 - 70",2013-07-19,143,12,7175,12,12,29,597.9167,247.4138
2257,AW00013256,"Abby Subram",62,VIP,"45 - 70",2013-12-25,138,13,7494,13,13,12,576.4615,624.5000
1679,AW00012678,"Dana Serrano",45,New,"20 - 45",2013-05-27,145,8,341,8,8,2,42.6250,170.5000
204,AW00011203,"Luis Diaz",65,New,"45 - 70",2013-12-11,139,32,800,32,32,9,25.0000,88.8889
3329,AW00014328,"Andrea Rogers",43,New,"20 - 45",2013-10-03,141,15,308,15,15,7,20.5333,44.0000
210,AW00011209,"Allison Evans",71,New,"above 70",2014-01-22,137,2,37,2,2,9,18.5000,4.1111
306,AW00011305,"Sean Evans",59,New,"45 - 70",2013-08-04,143,4,77,4,4,4,19.2500,19.2500
1845,AW00012844,"Gerald Gonzalez",54,New,"45 - 70",2013-03-25,147,2,57,2,2,0,28.5000,57
961,AW00011960,"Ana Griffin",46,New,"45 - 70",2013-07-28,143,3,75,3,3,4,25.0000,18.7500
2032,AW00013031,"Hunter Shan",42,New,"20 - 45",2013-03-25,147,1,22,1,1,0,22.0000,22
1440,AW00012439,"Megan Bennett",63,New,"45 - 70",2013-03-25,147,4,125,4,4,0,31.2500,125
540,AW00011539,"Justin Washington",54,VIP,"45 - 70",2013-03-25,147,6,5997,6,6,18,999.5000,333.1667
1163,AW00012162,"Luke Mitchell",50,VIP,"45 - 70",2013-03-25,147,4,5913,4,4,16,1478.2500,369.5625
1083,AW00012082,"Lauren Sanchez",73,VIP,"above 70",2013-03-25,147,4,5913,4,4,16,1478.2500,369.5625
3526,AW00014525,"Claudia Sun",42,VIP,"20 - 45",2013-10-26,140,6,6665,6,6,30,1110.8333,222.1667
910,AW00011909,"Nichole She",53,VIP,"45 - 70",2013-08-01,143,7,8105,7,7,22,1157.8571,368.4091
3887,AW00014886,"Sydney Powell",60,New,"45 - 70",2013-03-25,147,1,540,1,1,0,540.0000,540
428,AW00011427,"Desiree Dominguez",66,VIP,"45 - 70",2013-10-20,140,9,9918,9,9,22,1102.0000,450.8182
1777,AW00012776,"Blake Campbell",64,New,"45 - 70",2014-01-21,137,5,86,5,5,9,17.2000,9.5556
1371,AW00012370,"Preston Perez",56,New,"45 - 70",2013-06-02,145,6,61,6,6,3,10.1667,20.3333
2138,AW00013137,"Jacqueline Simmons",59,New,"45 - 70",2013-06-19,144,6,178,6,6,2,29.6667,89.0000
809,AW00011808,"James Parker",50,New,"45 - 70",2013-10-25,140,14,609,14,14,6,43.5000,101.5000
712,AW00011711,"Daniel Davis",51,New,"45 - 70",2014-01-26,137,55,1104,55,55,11,20.0727,100.3636
1985,AW00012984,"Adam Young",61,New,"45 - 70",2013-10-29,140,11,200,11,11,8,18.1818,25.0000
3866,AW00014865,"Austin Coleman",49,New,"45 - 70",2013-03-26,147,1,30,1,1,0,30.0000,30
2494,AW00013493,"Valerie Zhao",55,New,"45 - 70",2013-04-24,146,4,49,4,4,0,12.2500,49
1945,AW00012944,"Jose Jai",54,New,"45 - 70",2013-09-04,142,10,164,10,10,5,16.4000,32.8000
2991,AW00013990,"Stephanie Wood",41,Regular,"20 - 45",2013-03-26,147,4,1893,4,4,14,473.2500,135.2143
1156,AW00012155,"Gabriella Lopez",57,VIP,"45 - 70",2013-03-26,147,4,5930,4,4,16,1482.5000,370.6250
965,AW00011964,"Sharon Salavaria",58,VIP,"45 - 70",2013-08-09,143,6,8173,6,6,21,1362.1667,389.1905
905,AW00011904,"Kaylee Cook",39,VIP,"20 - 45",2013-07-01,144,7,8214,7,7,21,1173.4286,391.1429
906,AW00011905,"Isaiah Ramirez",50,VIP,"45 - 70",2013-07-06,144,7,8156,7,7,22,1165.1429,370.7273
550,AW00011549,"Crystal Liang",45,VIP,"20 - 45",2013-12-12,138,9,7024,9,9,23,780.4444,305.3913
859,AW00011858,"Jordan Coleman",57,New,"45 - 70",2013-07-12,143,2,85,2,2,3,42.5000,28.3333
151,AW00011150,"Russell Shen",78,New,"above 70",2013-07-15,143,8,192,8,8,3,24.0000,64.0000
502,AW00011501,"Brandy Chandra",44,New,"20 - 45",2014-01-22,137,33,871,33,33,9,26.3939,96.7778
506,AW00011505,"Jasmine Powell",53,New,"45 - 70",2013-12-24,138,36,845,36,36,10,23.4722,84.5000
2763,AW00013762,"Gavin Long",60,New,"45 - 70",2014-01-05,138,12,230,12,12,9,19.1667,25.5556
3712,AW00014711,"Deborah Xu",48,New,"45 - 70",2013-03-27,147,2,72,2,2,0,36.0000,72
2677,AW00013676,"George Kapoor",39,New,"20 - 45",2013-08-20,142,4,69,4,4,4,17.2500,17.2500
2433,AW00013432,"Dalton Wood",47,New,"45 - 70",2013-03-27,147,2,57,2,2,0,28.5000,57
2297,AW00013296,"Seth Anderson",58,New,"45 - 70",2013-03-27,147,1,22,1,1,0,22.0000,22
441,AW00011440,"Sergio Weber",72,New,"above 70",2013-03-27,147,2,78,2,2,0,39.0000,78
27,AW00011026,"Harold Sai",73,VIP,"above 70",2013-10-15,140,7,6575,7,7,32,939.2857,205.4688
968,AW00011967,"Latasha Munoz",62,VIP,"45 - 70",2013-08-07,143,6,8153,6,6,21,1358.8333,388.2381
899,AW00011898,"Angela Henderson",49,VIP,"45 - 70",2013-07-23,143,6,8179,6,6,22,1363.1667,371.7727
1000,AW00011999,"Johnny Shan",59,VIP,"45 - 70",2013-08-02,143,9,7043,9,9,20,782.5556,352.1500
549,AW00011548,"Raymond Sanchez",51,VIP,"45 - 70",2013-11-11,140,9,7068,9,9,23,785.3333,307.3043
434,AW00011433,"Maurice Shan",68,New,"45 - 70",2013-09-14,141,12,12914,13,12,9,1076.1667,1434.8889
2171,AW00013170,"Sebastian Reed",48,New,"45 - 70",2013-04-24,146,4,231,4,4,0,57.7500,231
1751,AW00012750,"Teresa Vazquez",49,VIP,"45 - 70",2013-10-28,140,6,6492,6,6,24,1082.0000,270.5000
214,AW00011213,"Stephanie Murphy",70,New,"45 - 70",2013-09-09,142,4,77,4,4,5,19.2500,15.4000
216,AW00011215,"Ana Perry",64,New,"45 - 70",2013-12-15,138,32,1154,32,32,10,36.0625,115.4000
3532,AW00014531,"Abigail Garcia",57,New,"45 - 70",2013-03-28,147,7,191,7,7,1,27.2857,191.0000
567,AW00011566,"April Shan",52,New,"45 - 70",2014-01-07,138,58,1002,58,58,11,17.2759,91.0909
2184,AW00013183,"Christian Jenkins",77,New,"above 70",2013-03-28,147,3,196,3,3,0,65.3333,196
2980,AW00013979,"Chloe Jenkins",40,New,"20 - 45",2013-03-28,147,3,3282,3,3,3,1094.0000,1094.0000
765,AW00011764,"Jessie Ramos",52,VIP,"45 - 70",2013-07-07,144,6,8129,6,6,21,1354.8333,387.0952
893,AW00011892,"Julio Ortega",50,VIP,"45 - 70",2013-07-22,143,5,8119,5,5,22,1623.8000,369.0455
363,AW00011362,"Damien Shan",42,New,"20 - 45",2013-09-24,141,3,77,3,3,5,25.6667,15.4000
1250,AW00012249,"Jessie Cai",41,New,"20 - 45",2013-10-21,140,4,115,4,4,6,28.7500,19.1667
3926,AW00014925,"Ashley Hughes",51,New,"45 - 70",2013-03-29,147,2,2722,2,2,10,1361.0000,272.2000
154,AW00011153,"Angela James",43,New,"20 - 45",2013-03-29,147,5,110,5,5,0,22.0000,110
254,AW00011253,"Josâ”œÂ® Hernandez",75,New,"above 70",2013-12-03,139,30,695,30,30,9,23.1667,77.2222
178,AW00011177,"Jose Flores",77,New,"above 70",2013-10-14,140,6,135,6,6,6,22.5000,22.5000
1364,AW00012363,"Kayla Thompson",78,New,"above 70",2013-10-01,141,11,274,11,11,6,24.9091,45.6667
393,AW00011392,"Willie Zhao",44,New,"20 - 45",2013-03-29,147,1,29,1,1,0,29.0000,29
1310,AW00012309,"Omar Raje",65,New,"45 - 70",2013-05-14,145,4,101,4,4,1,25.2500,101.0000
1186,AW00012185,"Kaitlyn Patterson",59,New,"45 - 70",2013-04-15,146,4,50,4,4,0,12.5000,50
891,AW00011890,"Whitney Lopez",61,New,"45 - 70",2013-07-05,144,6,130,6,6,3,21.6667,43.3333
1952,AW00012951,"Blake Simmons",50,New,"45 - 70",2013-03-29,147,2,31,2,2,0,15.5000,31
1194,AW00012193,"Caleb Simmons",65,New,"45 - 70",2013-07-07,144,6,4833,6,6,3,805.5000,1611.0000
3158,AW00014157,"Willie Xu",45,VIP,"20 - 45",2013-10-28,140,4,6650,4,4,30,1662.5000,221.6667
897,AW00011896,"Frank Carlson",50,VIP,"45 - 70",2013-07-11,144,6,8118,6,6,22,1353.0000,369.0000
1641,AW00012640,"Angel Richardson",60,New,"45 - 70",2013-04-27,146,6,6752,6,6,7,1125.3333,964.5714
459,AW00011458,"Bianca Liu",46,New,"45 - 70",2014-01-18,137,7,97,7,7,9,13.8571,10.7778
3233,AW00014232,"Omar Huang",43,New,"20 - 45",2013-05-12,145,3,77,3,3,1,25.6667,77.0000
759,AW00011758,"Colin Yuan",45,New,"20 - 45",2013-11-24,139,5,57,5,5,7,11.4000,8.1429
3062,AW00014061,"Naomi Torres",54,New,"45 - 70",2013-03-30,147,4,82,4,4,1,20.5000,82.0000
3931,AW00014930,"Cindy Sara",51,New,"45 - 70",2013-03-30,147,2,2722,2,2,10,1361.0000,272.2000
288,AW00011287,"Henry Garcia",58,New,"45 - 70",2014-01-28,137,62,1165,62,62,11,18.7903,105.9091
1839,AW00012838,"Ralph Beck",53,New,"45 - 70",2013-03-30,147,3,37,3,3,0,12.3333,37
1466,AW00012465,"Cassandra Patel",47,New,"45 - 70",2013-08-28,142,4,83,4,4,4,20.7500,20.7500
2789,AW00013788,"Kari Fernandez",48,New,"45 - 70",2013-10-18,140,7,201,7,7,6,28.7143,33.5000
1897,AW00012896,"Victoria Wood",43,New,"20 - 45",2013-03-30,147,4,45,4,4,0,11.2500,45
1434,AW00012433,"Antonio Price",58,New,"45 - 70",2013-03-30,147,3,75,3,3,0,25.0000,75
3132,AW00014131,"Javier Navarro",41,New,"20 - 45",2013-03-30,147,3,3807,3,3,7,1269.0000,543.8571
1342,AW00012341,"Katie Kumar",43,VIP,"20 - 45",2013-09-09,142,7,6840,7,7,20,977.1429,342.0000
485,AW00011484,"Erick Sai",42,Regular,"20 - 45",2013-03-30,147,6,4985,6,6,14,830.8333,356.0714
1638,AW00012637,"Leonard Nath",73,New,"above 70",2013-04-29,146,6,6845,6,6,7,1140.8333,977.8571
332,AW00011331,"Samantha Jenkins",51,New,"45 - 70",2014-01-24,137,58,1327,58,58,11,22.8793,120.6364
1346,AW00012345,"Alison Raje",44,New,"20 - 45",2014-01-12,137,6,68,6,6,9,11.3333,7.5556
761,AW00011760,"Melody Moreno",52,New,"45 - 70",2013-11-19,139,9,275,9,9,7,30.5556,39.2857
1315,AW00012314,"Jill Suarez",66,VIP,"45 - 70",2013-12-28,138,8,7997,8,8,16,999.6250,499.8125
256,AW00011255,"Colin Lin",86,New,"above 70",2013-03-31,147,5,114,5,5,1,22.8000,114.0000
3470,AW00014469,"Angela Bell",58,New,"45 - 70",2013-03-31,147,3,64,3,3,0,21.3333,64
2374,AW00013373,"Michelle Murphy",71,New,"above 70",2013-03-31,147,4,72,4,4,0,18.0000,72
3975,AW00014974,"K. Saravan",40,New,"20 - 45",2013-12-21,138,6,159,6,6,8,26.5000,19.8750
699,AW00011698,"Jackson Wright",49,New,"45 - 70",2014-01-14,137,7,255,7,7,9,36.4286,28.3333
227,AW00011226,"Sydney Ross",62,New,"45 - 70",2013-03-31,147,2,37,2,2,1,18.5000,37.0000
772,AW00011771,"Isaac Rivera",46,New,"45 - 70",2013-07-24,143,3,94,3,3,3,31.3333,31.3333
406,AW00011405,"Bonnie Goel",67,New,"45 - 70",2013-03-31,147,1,54,1,1,0,54.0000,54
349,AW00011348,"Shawn Rai",64,New,"45 - 70",2013-03-31,147,3,68,3,3,0,22.6667,68
1662,AW00012661,"Deborah Pal",72,New,"above 70",2013-03-31,147,3,50,3,3,0,16.6667,50
1263,AW00012262,"Morgan Sanchez",59,New,"45 - 70",2013-03-31,147,5,119,5,5,0,23.8000,119
3018,AW00014017,"Chloe Rodriguez",39,Regular,"20 - 45",2013-03-31,147,4,1848,4,4,14,462.0000,132.0000
1081,AW00012080,"Grace Sanchez",73,New,"above 70",2013-03-31,147,2,2355,2,2,0,1177.5000,2355
629,AW00011628,"Mariah Wood",47,VIP,"45 - 70",2013-03-31,147,3,5875,3,3,18,1958.3333,326.3889
1365,AW00012364,"Erin Rogers",78,VIP,"above 70",2013-03-31,147,2,5898,2,2,15,2949.0000,393.2000
3847,AW00014846,"Kelsey Chande",39,VIP,"20 - 45",2013-11-10,140,7,6744,7,7,27,963.4286,249.7778
1350,AW00012349,"Lacey Yuan",45,VIP,"20 - 45",2013-09-01,142,5,6772,5,5,20,1354.4000,338.6000
1356,AW00012355,"Monique Ortega",41,VIP,"20 - 45",2013-09-17,141,7,6818,7,7,20,974.0000,340.9000
1669,AW00012668,"Melissa Patterson",43,VIP,"20 - 45",2013-09-19,141,5,6839,5,5,19,1367.8000,359.9474
1004,AW00012003,"Audrey Munoz",45,VIP,"20 - 45",2013-08-10,143,8,8256,8,8,21,1032.0000,393.1429
1386,AW00012385,"Tara Raji",46,New,"45 - 70",2013-04-03,147,4,5118,4,4,10,1279.5000,511.8000
1214,AW00012213,"Alejandro Lal",51,New,"45 - 70",2013-04-01,147,5,4419,5,5,10,883.8000,441.9000
1366,AW00012365,"Alex Evans",72,New,"above 70",2013-06-06,145,4,54,4,4,2,13.5000,27.0000
2629,AW00013628,"Kaitlin Schmidt",46,New,"45 - 70",2013-09-26,141,6,191,6,6,5,31.8333,38.2000
3655,AW00014654,"Kyle Collins",60,New,"45 - 70",2013-04-01,147,2,7,2,2,0,3.5000,7
3850,AW00014849,"Dwayne Martin",44,New,"20 - 45",2013-04-01,147,2,57,2,2,0,28.5000,57
1066,AW00012065,"Isaiah Collins",75,New,"above 70",2013-04-01,147,4,92,4,4,0,23.0000,92
726,AW00011725,"Jose Li",52,New,"45 - 70",2013-05-02,146,5,124,5,5,1,24.8000,124.0000
3105,AW00014104,"Sydney James",43,New,"20 - 45",2013-04-01,147,4,1889,4,4,11,472.2500,171.7273
2221,AW00013220,"Isabella Hernandez",73,Regular,"above 70",2013-04-01,147,4,4683,4,4,15,1170.7500,312.2000
388,AW00011387,"Megan Ramirez",60,VIP,"45 - 70",2013-04-01,147,6,6959,6,6,20,1159.8333,347.9500
1677,AW00012676,"Michele Madan",45,VIP,"20 - 45",2013-09-06,142,5,6859,5,5,18,1371.8000,381.0556
1648,AW00012647,"Colleen Anand",61,New,"45 - 70",2013-04-20,146,9,6886,9,9,7,765.1111,983.7143
1303,AW00012302,"Kevin Coleman",73,VIP,"above 70",2013-12-26,138,12,8091,12,12,16,674.2500,505.6875
2794,AW00013793,"Jason Gonzales",54,Regular,"45 - 70",2013-04-02,147,3,3021,3,3,14,1007.0000,215.7857
2808,AW00013807,"Frederick Rana",55,Regular,"45 - 70",2013-04-02,147,3,4506,3,3,21,1502.0000,214.5714
3455,AW00014454,"Kayla Anderson",85,New,"above 70",2013-04-02,147,2,32,2,2,0,16.0000,32
2331,AW00013330,"Maria Patterson",80,New,"above 70",2013-09-10,142,6,95,6,6,5,15.8333,19.0000
3037,AW00014036,"Amanda Torres",45,Regular,"20 - 45",2013-04-02,147,3,1839,3,3,12,613.0000,153.2500
1040,AW00012039,"Ricardo Nath",76,VIP,"above 70",2013-08-06,143,9,8212,9,9,19,912.4444,432.2105
403,AW00011402,"Kelli Cai",50,New,"45 - 70",2013-04-02,147,10,5059,10,10,4,505.9000,1264.7500
1646,AW00012645,"Audrey Ruiz",61,New,"45 - 70",2013-04-14,146,6,6847,6,6,6,1141.1667,1141.1667
2769,AW00013768,"Ross Munoz",46,VIP,"45 - 70",2013-11-09,140,4,5064,4,4,21,1266.0000,241.1429
1282,AW00012281,"Janelle Sanchez",44,New,"20 - 45",2013-04-03,147,7,5169,7,7,11,738.4286,469.9091
829,AW00011828,"Katherine Martinez",45,New,"20 - 45",2013-04-19,146,3,94,3,3,0,31.3333,94
188,AW00011187,"Jennifer Cooper",75,New,"above 70",2013-08-06,143,4,108,4,4,4,27.0000,27.0000
803,AW00011802,"Madison Taylor",48,New,"45 - 70",2013-12-01,139,12,214,12,12,9,17.8333,23.7778
2760,AW00013759,"Jackson Scott",60,New,"45 - 70",2013-04-03,147,4,101,4,4,0,25.2500,101
1758,AW00012757,"Sara Ramirez",45,New,"20 - 45",2013-04-03,147,3,107,3,3,0,35.6667,107
2285,AW00013284,"Victoria Butler",63,New,"45 - 70",2013-07-02,144,5,4767,5,5,2,953.4000,2383.5000
1942,AW00012941,"Maria Morgan",49,Regular,"45 - 70",2013-04-03,147,3,4818,3,3,14,1606.0000,344.1429
41,AW00011040,"Jesse Murphy",42,New,"20 - 45",2013-04-03,147,3,2351,3,3,0,783.6667,2351
2102,AW00013101,"Alex Sanchez",62,New,"45 - 70",2013-07-18,143,4,4736,4,4,3,1184.0000,1578.6667
3772,AW00014771,"Heidi Vance",51,VIP,"45 - 70",2013-10-17,140,6,6689,6,6,27,1114.8333,247.7407
978,AW00011977,"Bonnie Jai",60,VIP,"45 - 70",2013-08-15,142,8,8213,8,8,21,1026.6250,391.0952
2042,AW00013041,"Cameron Brown",68,New,"45 - 70",2013-06-19,144,5,154,5,5,2,30.8000,77.0000
242,AW00011241,"Lisa Cai",51,VIP,"45 - 70",2013-10-29,140,25,11468,25,25,13,458.7200,882.1538
507,AW00011506,"Nicholas Brown",53,New,"45 - 70",2014-01-22,137,36,748,36,36,10,20.7778,74.8000
491,AW00011490,"Danny Rubio",49,New,"45 - 70",2013-04-04,147,1,54,1,1,0,54.0000,54
3185,AW00014184,"Caleb Jenkins",55,New,"45 - 70",2013-07-29,143,6,105,6,6,3,17.5000,35.0000
3424,AW00014423,"Jill Ruiz",61,New,"45 - 70",2013-05-15,145,9,142,9,9,1,15.7778,142.0000
1458,AW00012457,"Misty Rai",60,New,"45 - 70",2013-04-04,147,2,24,2,2,0,12.0000,24
1797,AW00012796,"Jason Zhang",60,New,"45 - 70",2013-04-04,147,2,72,2,2,0,36.0000,72
1765,AW00012764,"Alexandra Harris",60,Regular,"45 - 70",2013-04-04,147,2,4347,2,2,15,2173.5000,289.8000
1981,AW00012980,"Max Moyer",60,Regular,"45 - 70",2013-04-04,147,4,4553,4,4,14,1138.2500,325.2143
1927,AW00012926,"Sara Murphy",53,Regular,"45 - 70",2013-04-04,147,4,4795,4,4,14,1198.7500,342.5000
1290,AW00012289,"Joseph Taylor",40,VIP,"20 - 45",2013-05-22,145,8,5646,8,8,12,705.7500,470.5000
3304,AW00014303,"Briana Ramos",57,Regular,"45 - 70",2013-09-20,141,5,3636,5,5,12,727.2000,303.0000
1354,AW00012353,"Joe Ramos",40,VIP,"20 - 45",2013-08-29,142,5,6765,5,5,19,1353.0000,356.0526
1681,AW00012680,"George Sanchez",47,VIP,"45 - 70",2013-09-17,141,10,6880,10,10,18,688.0000,382.2222
1348,AW00012347,"Summer Madan",44,VIP,"20 - 45",2013-09-24,141,6,6839,6,6,20,1139.8333,341.9500
1011,AW00012010,"Max Serrano",62,VIP,"45 - 70",2013-08-06,143,8,8203,8,8,19,1025.3750,431.7368
989,AW00011988,"Kathryn Chapman",57,VIP,"45 - 70",2013-08-06,143,6,8078,6,6,20,1346.3333,403.9000
1309,AW00012308,"Margaret He",54,VIP,"45 - 70",2013-11-19,139,14,13268,14,14,29,947.7143,457.5172
615,AW00011614,"Katrina Sharma",44,New,"20 - 45",2013-04-05,147,5,4438,5,5,10,887.6000,443.8000
1994,AW00012993,"Xavier Henderson",45,New,"20 - 45",2013-05-28,145,5,96,5,5,1,19.2000,96.0000
533,AW00011532,"Lauren Miller",62,New,"45 - 70",2013-12-27,138,4,44,4,4,8,11.0000,5.5000
650,AW00011649,"Ian White",45,New,"20 - 45",2013-04-23,146,3,91,3,3,0,30.3333,91
678,AW00011677,"Charles Walker",44,New,"20 - 45",2013-11-30,139,10,297,10,10,7,29.7000,42.4286
277,AW00011276,"Nancy Chapman",50,New,"45 - 70",2014-01-22,137,57,987,57,57,11,17.3158,89.7273
3627,AW00014626,"Jesse Gray",58,New,"45 - 70",2013-12-23,138,8,197,8,8,8,24.6250,24.6250
3512,AW00014511,"Danielle Rogers",51,New,"45 - 70",2013-04-05,147,3,90,3,3,0,30.0000,90
2695,AW00013694,"Savannah Gray",42,New,"20 - 45",2013-09-30,141,5,106,5,5,5,21.2000,21.2000
937,AW00011936,"Hunter Clark",42,New,"20 - 45",2013-04-05,147,3,42,3,3,0,14.0000,42
1411,AW00012410,"Mariah Richardson",44,New,"20 - 45",2014-01-16,137,3,160,3,3,9,53.3333,17.7778
1866,AW00012865,"Brandy Martinez",43,New,"20 - 45",2013-04-29,146,7,114,7,7,0,16.2857,114
3025,AW00014024,"Hannah Moore",44,Regular,"20 - 45",2013-04-05,147,5,1902,5,5,13,380.4000,146.3077
2203,AW00013202,"Natasha Romero",75,Regular,"above 70",2013-04-05,147,4,4559,4,4,14,1139.7500,325.6429
2033,AW00013032,"Kevin Baker",42,Regular,"20 - 45",2013-04-05,147,3,4740,3,3,15,1580.0000,316.0000
3713,AW00014712,"Eugene Liu",48,VIP,"45 - 70",2013-10-04,141,5,6660,5,5,28,1332.0000,237.8571
248,AW00011247,"Claudia Zhou",63,VIP,"45 - 70",2013-08-17,142,12,7131,12,12,29,594.2500,245.8966
2256,AW00013255,"Lance Blanco",62,VIP,"45 - 70",2013-12-02,139,12,7393,12,12,12,616.0833,616.0833
2559,AW00013558,"Karen Lu",45,VIP,"20 - 45",2013-11-13,139,6,6500,6,6,22,1083.3333,295.4545
3066,AW00014065,"Samuel Diaz",56,VIP,"45 - 70",2013-08-10,143,4,5608,4,4,12,1402.0000,467.3333
2122,AW00013121,"Latasha Jimenez",49,New,"45 - 70",2013-09-06,142,5,121,5,5,5,24.2000,24.2000
633,AW00011632,"Alexandra Jenkins",43,New,"20 - 45",2014-01-03,138,34,1001,34,34,11,29.4412,91.0000
662,AW00011661,"Jeremiah James",44,New,"20 - 45",2013-12-14,138,11,287,11,11,8,26.0909,35.8750
3446,AW00014445,"Benjamin Henderson",54,New,"45 - 70",2013-04-06,147,4,101,4,4,0,25.2500,101
3244,AW00014243,"Gregory Winston",72,New,"above 70",2013-04-06,147,2,72,2,2,0,36.0000,72
3423,AW00014422,"Cara Lu",55,New,"45 - 70",2013-04-06,147,3,39,3,3,0,13.0000,39
3944,AW00014943,"Lindsay Pal",47,New,"45 - 70",2013-04-06,147,3,37,3,3,0,12.3333,37
1604,AW00012603,"Cole Reed",54,New,"45 - 70",2013-09-24,141,5,117,5,5,5,23.4000,23.4000
500,AW00011499,"Pedro Vance",45,New,"20 - 45",2013-06-29,144,6,192,6,6,2,32.0000,96.0000
1961,AW00012960,"Ashley Lewis",51,New,"45 - 70",2013-05-27,145,4,51,4,4,1,12.7500,51.0000
1723,AW00012722,"Latasha Gomez",39,New,"20 - 45",2013-04-06,147,3,39,3,3,0,13.0000,39
2070,AW00013069,"Adam Green",45,Regular,"20 - 45",2013-04-06,147,3,2732,3,3,14,910.6667,195.1429
2069,AW00013068,"Alexandria Morris",40,Regular,"20 - 45",2013-04-06,147,5,2816,5,5,14,563.2000,201.1429
2994,AW00013993,"Zachary Patterson",41,Regular,"20 - 45",2013-04-06,147,3,1804,3,3,14,601.3333,128.8571
3081,AW00014080,"Cynthia Srini",43,Regular,"20 - 45",2013-04-06,147,4,1848,4,4,12,462.0000,154.0000
2204,AW00013203,"Bailey Bell",75,Regular,"above 70",2013-04-06,147,4,4492,4,4,14,1123.0000,320.8571
1439,AW00012438,"Bailey Rogers",58,VIP,"45 - 70",2013-04-06,147,2,5898,2,2,15,2949.0000,393.2000
3305,AW00014304,"Jacquelyn Jimenez",52,Regular,"45 - 70",2013-10-21,140,4,3595,4,4,12,898.7500,299.5833
1302,AW00012301,"Nichole Nara",73,VIP,"above 70",2013-11-20,139,13,13294,13,13,30,1022.6154,443.1333
3277,AW00014276,"Melody Suarez",64,New,"45 - 70",2013-08-29,142,11,5258,11,11,11,478.0000,478.0000
1283,AW00012282,"Nicolas Tang",44,New,"20 - 45",2013-04-07,147,3,5111,3,3,11,1703.6667,464.6364
3065,AW00014064,"Stacey Li",55,New,"45 - 70",2013-08-19,142,8,5694,8,8,11,711.7500,517.6364
95,AW00011094,"Cedric Ma",57,New,"45 - 70",2014-01-11,138,8,236,8,8,9,29.5000,26.2222
3238,AW00014237,"Kate Andersen",44,New,"20 - 45",2013-08-11,143,5,90,5,5,4,18.0000,22.5000
2150,AW00013149,"Linda Ferrier",68,New,"45 - 70",2013-11-28,139,3,65,3,3,7,21.6667,9.2857
2800,AW00013799,"Bryan Bailey",47,Regular,"45 - 70",2013-04-07,147,4,3010,4,4,14,752.5000,215.0000
222,AW00011221,"Nathan Perry",69,New,"45 - 70",2013-10-17,140,4,46,4,4,6,11.5000,7.6667
2921,AW00013920,"Amanda Rogers",55,New,"45 - 70",2013-10-29,140,12,268,12,12,6,22.3333,44.6667
2198,AW00013197,"Katherine Smith",76,New,"above 70",2013-11-10,140,8,105,8,8,7,13.1250,15.0000
3569,AW00014568,"Priscilla Kumar",43,New,"20 - 45",2013-04-07,147,4,55,4,4,0,13.7500,55
3555,AW00014554,"Isaac Mitchell",74,New,"above 70",2013-08-09,143,5,178,5,5,4,35.6000,44.5000
3962,AW00014961,"Jaclyn Yang",49,New,"45 - 70",2013-04-07,147,4,151,4,4,0,37.7500,151
1738,AW00012737,"Brett Chandra",46,New,"45 - 70",2013-04-07,147,2,45,2,2,0,22.5000,45
1729,AW00012728,"Jeremiah Stewart",40,New,"20 - 45",2013-04-07,147,2,60,2,2,0,30.0000,60
3888,AW00014887,"Lauren Wilson",65,New,"45 - 70",2013-04-07,147,4,87,4,4,0,21.7500,87
618,AW00011617,"Sean Brooks",60,VIP,"45 - 70",2013-04-07,147,4,5935,4,4,18,1483.7500,329.7222
627,AW00011626,"Destiny Rogers",46,VIP,"45 - 70",2013-04-07,147,4,5959,4,4,19,1489.7500,313.6316
1343,AW00012342,"Morgan Young",44,VIP,"20 - 45",2013-09-23,141,7,6838,7,7,20,976.8571,341.9000
113,AW00011112,"Crystal Wang",57,VIP,"45 - 70",2013-09-02,142,6,8295,6,6,27,1382.5000,307.2222
329,AW00011328,"Julian Griffin",80,New,"above 70",2013-04-07,147,4,4718,4,4,3,1179.5000,1572.6667
584,AW00011583,"Karla Xu",54,New,"45 - 70",2013-04-08,147,4,4381,4,4,3,1095.2500,1460.3333
1273,AW00012272,"Justin Alexander",60,VIP,"45 - 70",2013-04-08,147,5,5139,5,5,12,1027.8000,428.2500
1211,AW00012210,"Alan He",41,VIP,"20 - 45",2013-11-11,140,6,6825,6,6,19,1137.5000,359.2105
3684,AW00014683,"Molly Sai",55,New,"45 - 70",2013-09-27,141,5,99,5,5,6,19.8000,16.5000
620,AW00011619,"Sierra Young",46,New,"45 - 70",2013-12-02,139,29,633,29,29,9,21.8276,70.3333
623,AW00011622,"Gabriel Allen",46,New,"45 - 70",2013-06-15,144,5,133,5,5,2,26.6000,66.5000
750,AW00011749,"Eduardo Jackson",44,New,"20 - 45",2013-12-31,138,4,48,4,4,8,12.0000,6.0000
278,AW00011277,"Charles Jackson",56,New,"45 - 70",2014-01-16,137,65,1434,65,65,11,22.0615,130.3636
520,AW00011519,"Jerome Navarro",64,New,"45 - 70",2014-01-11,138,36,756,36,36,9,21.0000,84.0000
3642,AW00014641,"Timothy Turner",46,New,"45 - 70",2013-10-16,140,6,120,6,6,6,20.0000,20.0000
3656,AW00014655,"Kayla Washington",55,New,"45 - 70",2013-05-10,146,5,175,5,5,2,35.0000,87.5000
1127,AW00012126,"Tammy Raman",62,New,"45 - 70",2013-08-15,142,4,81,4,4,4,20.2500,20.2500
851,AW00011850,"Brooke Ramirez",44,New,"20 - 45",2013-06-03,145,5,149,5,5,1,29.8000,149.0000
1455,AW00012454,"Samuel Griffin",60,New,"45 - 70",2013-04-08,147,4,72,4,4,0,18.0000,72
2098,AW00013097,"Dalton Hughes",57,New,"45 - 70",2013-04-08,147,1,22,1,1,0,22.0000,22
2337,AW00013336,"Deanna Gill",79,New,"above 70",2013-04-08,147,3,107,3,3,0,35.6667,107
3109,AW00014108,"Thomas Yang",44,New,"20 - 45",2013-04-08,147,2,839,2,2,0,419.5000,839
672,AW00011671,"Jessica Brown",53,VIP,"45 - 70",2013-04-08,147,4,5970,4,4,17,1492.5000,351.1765
2103,AW00013102,"Mariah Bryant",62,New,"45 - 70",2013-04-08,147,5,2387,5,5,0,477.4000,2387
1670,AW00012669,"Irving Schmidt",43,VIP,"20 - 45",2013-09-19,141,5,6791,5,5,19,1358.2000,357.4211
1338,AW00012337,"Dustin Goldstein",44,VIP,"20 - 45",2013-08-08,143,7,8137,7,7,20,1162.4286,406.8500
1217,AW00012216,"Gerald Rodriguez",57,VIP,"45 - 70",2013-12-17,138,9,6955,9,9,20,772.7778,347.7500
588,AW00011587,"Kevin Bryant",49,New,"45 - 70",2013-04-09,147,5,4540,5,5,4,908.0000,1135.0000
2771,AW00013770,"Gerald Moreno",51,VIP,"45 - 70",2013-10-04,141,5,6428,5,5,29,1285.6000,221.6552
1008,AW00012007,"Shannon Sun",58,VIP,"45 - 70",2013-09-21,141,8,7024,8,8,21,878.0000,334.4762
982,AW00011981,"Alexandria Howard",62,New,"45 - 70",2014-01-28,137,6,120,6,6,9,20.0000,13.3333
413,AW00011412,"Sydney Bryant",65,VIP,"45 - 70",2013-10-11,141,11,9880,11,11,23,898.1818,429.5652
3173,AW00014172,"Carla Garcia",75,New,"above 70",2013-09-18,141,6,75,6,6,5,12.5000,15.0000
696,AW00011695,"Logan Campbell",56,New,"45 - 70",2013-08-19,142,4,129,4,4,4,32.2500,32.2500
2534,AW00013533,"Eduardo Butler",52,New,"45 - 70",2013-12-08,139,6,138,6,6,7,23.0000,19.7143
2196,AW00013195,"Aaron Perry",65,New,"45 - 70",2013-04-09,147,2,72,2,2,0,36.0000,72
427,AW00011426,"Kristopher Mehta",66,New,"45 - 70",2013-04-09,147,1,35,1,1,0,35.0000,35
2175,AW00013174,"Gabriella Morris",51,Regular,"45 - 70",2013-04-09,147,4,4559,4,4,14,1139.7500,325.6429
133,AW00011132,"Melissa Richardson",39,New,"20 - 45",2013-04-09,147,6,2372,6,6,0,395.3333,2372
1001,AW00012000,"Ashley Russell",54,VIP,"45 - 70",2013-08-15,142,8,8183,8,8,20,1022.8750,409.1500
1003,AW00012002,"Adriana Lopez",55,VIP,"45 - 70",2013-08-03,143,6,8145,6,6,20,1357.5000,407.2500
1216,AW00012215,"Karla She",57,VIP,"45 - 70",2013-12-21,138,9,6890,9,9,21,765.5556,328.0952
611,AW00011610,"Blake Collins",44,VIP,"20 - 45",2013-11-01,140,6,6786,6,6,21,1131.0000,323.1429
881,AW00011880,"Melissa Sanchez",60,New,"45 - 70",2013-11-03,140,4,50,4,4,6,12.5000,8.3333
2640,AW00013639,"Colin Liang",48,New,"45 - 70",2013-06-21,144,5,189,5,5,4,37.8000,47.2500
46,AW00011045,"Leonard Nara",69,New,"45 - 70",2013-10-29,140,4,115,4,4,6,28.7500,19.1667
2046,AW00013045,"Anne Gomez",56,New,"45 - 70",2013-07-17,143,3,62,3,3,3,20.6667,20.6667
1333,AW00012332,"Andres Nara",71,VIP,"above 70",2013-06-24,144,10,10789,10,10,24,1078.9000,449.5417
128,AW00011127,"Jan Edwards",44,New,"20 - 45",2013-10-01,141,3,44,3,3,5,14.6667,8.8000
1197,AW00012196,"Alexis Miller",66,New,"45 - 70",2014-01-13,137,8,160,8,8,9,20.0000,17.7778
2924,AW00013923,"Steven Howard",51,New,"45 - 70",2013-04-10,147,2,57,2,2,0,28.5000,57
1734,AW00012733,"Lacey Cai",47,New,"45 - 70",2013-09-06,142,3,43,3,3,4,14.3333,10.7500
1742,AW00012741,"Raymond Sam",47,New,"45 - 70",2013-04-10,147,2,40,2,2,0,20.0000,40
1320,AW00012319,"Shannon Ye",67,New,"45 - 70",2013-12-03,139,3,79,3,3,7,26.3333,11.2857
2250,AW00013249,"Ryan Perry",67,New,"45 - 70",2013-07-21,143,5,4795,5,5,3,959.0000,1598.3333
1935,AW00012934,"Jason Foster",44,Regular,"20 - 45",2013-04-10,147,5,4552,5,5,15,910.4000,303.4667
990,AW00011989,"Kara Anand",41,VIP,"20 - 45",2013-08-06,143,5,8140,5,5,21,1628.0000,387.6190
1385,AW00012384,"Jacquelyn Gutierrez",46,New,"45 - 70",2013-04-10,147,8,5056,8,8,7,632.0000,722.2857
1038,AW00012037,"Patricia Chapman",76,VIP,"above 70",2013-09-09,142,8,7107,8,8,20,888.3750,355.3500
1299,AW00012298,"Crystal Zeng",74,VIP,"above 70",2013-12-11,139,10,8052,10,10,15,805.2000,536.8000
1367,AW00012366,"Stephanie Cox",77,New,"above 70",2013-11-27,139,5,89,5,5,7,17.8000,12.7143
2044,AW00013043,"Brenda Madan",67,New,"45 - 70",2013-09-21,141,6,176,6,6,5,29.3333,35.2000
3068,AW00014067,"Larry Sanz",57,New,"45 - 70",2013-08-16,142,4,115,4,4,4,28.7500,28.7500
652,AW00011651,"Patricia Garcia",42,New,"20 - 45",2013-10-18,140,8,226,8,8,7,28.2500,32.2857
3634,AW00014633,"Timothy Morgan",58,New,"45 - 70",2013-10-31,140,11,243,11,11,8,22.0909,30.3750
2268,AW00013267,"Matthew Moore",87,New,"above 70",2014-01-06,138,8,125,8,8,8,15.6250,15.6250
1100,AW00012099,"Sydney Hall",70,New,"45 - 70",2013-11-05,140,2,44,2,2,6,22.0000,7.3333
695,AW00011694,"Jonathon Ortega",55,New,"45 - 70",2013-09-28,141,4,129,4,4,5,32.2500,25.8000
1508,AW00012507,"Ian Bell",51,New,"45 - 70",2013-04-11,147,1,9,1,1,0,9.0000,9
3096,AW00014095,"Paige Griffin",43,New,"20 - 45",2013-04-11,147,4,1801,4,4,11,450.2500,163.7273
3106,AW00014105,"Jackson Zhang",43,Regular,"20 - 45",2013-04-11,147,4,1784,4,4,12,446.0000,148.6667
2209,AW00013208,"Cassidy Bryant",74,Regular,"above 70",2013-04-11,147,5,4813,5,5,15,962.6000,320.8667
1208,AW00012207,"Samuel Hill",79,VIP,"above 70",2013-04-11,147,3,5875,3,3,15,1958.3333,391.6667
1340,AW00012339,"Clayton Jai",43,VIP,"20 - 45",2013-08-03,143,5,6865,5,5,18,1373.0000,381.3889
1193,AW00012192,"Jocelyn Hayes",65,New,"45 - 70",2013-12-22,138,3,160,3,3,8,53.3333,20.0000
3308,AW00014307,"Ross Perez",58,New,"45 - 70",2013-07-15,143,5,196,5,5,4,39.2000,49.0000
642,AW00011641,"James Chen",49,New,"45 - 70",2013-08-18,142,11,302,11,11,6,27.4545,50.3333
3400,AW00014399,"Jeremy Peterson",66,New,"45 - 70",2013-04-12,146,1,5,1,1,0,5.0000,5
3697,AW00014696,"Shawn Anand",47,New,"45 - 70",2013-04-12,146,3,42,3,3,0,14.0000,42
3144,AW00014143,"Jill Sandoval",54,New,"45 - 70",2014-01-17,137,6,134,6,6,9,22.3333,14.8889
785,AW00011784,"Jose Turner",47,New,"45 - 70",2013-12-17,138,12,272,12,12,8,22.6667,34.0000
688,AW00011687,"Cody Torres",49,New,"45 - 70",2013-06-21,144,3,98,3,3,2,32.6667,49.0000
2993,AW00013992,"Gregory Xie",41,Regular,"20 - 45",2013-04-12,146,4,1801,4,4,15,450.2500,120.0667
3099,AW00014098,"Allison Lopez",40,Regular,"20 - 45",2013-04-12,146,4,1845,4,4,12,461.2500,153.7500
1919,AW00012918,"Brooke Murphy",44,Regular,"20 - 45",2013-04-12,146,2,4763,2,2,15,2381.5000,317.5333
1349,AW00012348,"Jimmy Vazquez",45,VIP,"20 - 45",2013-09-12,141,10,6906,10,10,19,690.6000,363.4737
1671,AW00012670,"Sarah Martinez",44,VIP,"20 - 45",2013-09-12,141,5,6785,5,5,18,1357.0000,376.9444
616,AW00011615,"Dwayne Navarro",44,VIP,"20 - 45",2013-04-13,146,7,5205,7,7,13,743.5714,400.3846
1649,AW00012648,"Lori Dominguez",67,New,"45 - 70",2013-05-01,146,8,6817,8,8,7,852.1250,973.8571
3071,AW00014070,"Ricky Alonso",61,New,"45 - 70",2013-08-12,142,4,5619,4,4,11,1404.7500,510.8182
3687,AW00014686,"Casey Raje",56,New,"45 - 70",2013-11-09,140,5,204,5,5,6,40.8000,34.0000
250,AW00011249,"Cindy Patel",59,VIP,"45 - 70",2013-09-15,141,11,9890,11,11,23,899.0909,430.0000
671,AW00011670,"Jacqueline Perry",52,New,"45 - 70",2013-09-18,141,4,100,4,4,5,25.0000,20.0000
82,AW00011081,"Savannah Baker",53,New,"45 - 70",2013-04-13,146,5,104,5,5,2,20.8000,52.0000
14,AW00011013,"Ian Jenkins",45,New,"20 - 45",2014-01-21,137,5,114,5,5,9,22.8000,12.6667
1965,AW00012964,"Xavier Russell",52,New,"45 - 70",2013-11-16,139,6,120,6,6,7,20.0000,17.1429
2900,AW00013899,"Cameron Jones",39,New,"20 - 45",2013-04-13,146,1,22,1,1,0,22.0000,22
3546,AW00014545,"Faith Henderson",52,New,"45 - 70",2014-01-14,137,4,113,4,4,9,28.2500,12.5556
3530,AW00014529,"Kaitlin Sai",57,New,"45 - 70",2013-12-22,138,6,254,6,6,8,42.3333,31.7500
808,AW00011807,"Lucas Baker",48,New,"45 - 70",2013-09-12,141,5,153,5,5,4,30.6000,38.2500
2861,AW00013860,"Olivia Watson",47,New,"45 - 70",2014-01-19,137,8,123,8,8,11,15.3750,11.1818
745,AW00011744,"Stephanie Campbell",61,New,"45 - 70",2013-08-27,142,3,72,3,3,4,24.0000,18.0000
1534,AW00012533,"Luis Washington",79,New,"above 70",2013-04-13,146,7,272,7,7,2,38.8571,136.0000
3197,AW00014196,"Felicia Dominguez",69,New,"45 - 70",2014-01-08,138,6,138,6,6,8,23.0000,17.2500
400,AW00011399,"Brenda Mehta",50,New,"45 - 70",2013-04-13,146,2,14,2,2,0,7.0000,14
2329,AW00013328,"Albert Serrano",80,New,"above 70",2013-07-07,144,6,4708,6,6,2,784.6667,2354.0000
1943,AW00012942,"Morgan Harris",48,Regular,"45 - 70",2013-04-13,146,2,4502,2,2,15,2251.0000,300.1333
542,AW00011541,"Aidan Ross",60,VIP,"45 - 70",2013-04-13,146,5,5973,5,5,19,1194.6000,314.3684
1708,AW00012707,"Ian Lewis",78,VIP,"above 70",2013-04-13,146,5,5948,5,5,15,1189.6000,396.5333
2974,AW00013973,"Bethany Shan",55,VIP,"45 - 70",2013-12-09,139,7,5185,7,7,16,740.7143,324.0625
196,AW00011195,"Megan Henderson",73,New,"above 70",2013-10-22,140,6,105,6,6,6,17.5000,17.5000
3904,AW00014903,"Amanda Morgan",63,New,"45 - 70",2013-04-14,146,3,62,3,3,0,20.6667,62
3829,AW00014828,"Hector Muâ”œâ–’oz",40,New,"20 - 45",2013-04-14,146,2,76,2,2,0,38.0000,76
2228,AW00013227,"Alexander Wilson",72,New,"above 70",2013-04-14,146,2,72,2,2,0,36.0000,72
2190,AW00013189,"Gloria Romero",72,Regular,"above 70",2013-04-14,146,3,4765,3,3,14,1588.3333,340.3571
1341,AW00012340,"Stacy Diaz",43,VIP,"20 - 45",2013-09-23,141,6,6752,6,6,20,1125.3333,337.6000
1659,AW00012658,"Joy Gomez",65,New,"45 - 70",2013-05-13,145,7,6863,7,7,8,980.4286,857.8750
1133,AW00012132,"Kaitlyn Henderson",64,VIP,"45 - 70",2013-10-17,140,14,13294,14,14,32,949.5714,415.4375
617,AW00011616,"Casey Nath",44,VIP,"20 - 45",2013-04-15,146,10,5253,10,10,14,525.3000,375.2143
257,AW00011256,"Katelyn Hernandez",86,New,"above 70",2013-10-16,140,5,81,5,5,6,16.2000,13.5000
2180,AW00013179,"Adrian Sanchez",77,New,"above 70",2013-12-13,138,10,190,10,10,7,19.0000,27.1429
713,AW00011712,"Shelby Rogers",57,New,"45 - 70",2013-10-29,140,8,128,8,8,8,16.0000,16.0000
375,AW00011374,"Jimmy Ortega",76,New,"above 70",2013-04-15,146,3,69,3,3,0,23.0000,69
1203,AW00012202,"Xavier Ross",81,New,"above 70",2013-10-04,141,13,171,13,13,7,13.1538,24.4286
972,AW00011971,"Amanda Adams",46,New,"45 - 70",2013-11-25,139,5,134,5,5,7,26.8000,19.1429
3130,AW00014129,"Monica Martinez",40,New,"20 - 45",2013-04-15,146,2,3750,2,2,8,1875.0000,468.7500
473,AW00011472,"Kenneth Kumar",56,VIP,"45 - 70",2013-10-26,140,6,8165,6,6,27,1360.8333,302.4074
152,AW00011151,"Melinda Gill",77,VIP,"above 70",2013-10-20,140,6,8087,6,6,29,1347.8333,278.8621
1347,AW00012346,"Wesley Gao",44,VIP,"20 - 45",2013-09-18,141,5,6864,5,5,20,1372.8000,343.2000
1673,AW00012672,"Carson Butler",44,New,"20 - 45",2013-06-17,144,5,382,5,5,2,76.4000,191.0000
1334,AW00012333,"Terrance Rodriguez",71,VIP,"above 70",2013-06-05,145,11,10829,11,11,23,984.4545,470.8261
654,AW00011653,"Sydney Peterson",43,New,"20 - 45",2013-10-12,140,5,179,5,5,5,35.8000,35.8000
531,AW00011530,"Andrew Martinez",62,New,"45 - 70",2013-12-30,138,26,572,26,26,11,22.0000,52.0000
508,AW00011507,"Isabella Russell",53,New,"45 - 70",2014-01-20,137,31,651,31,31,11,21.0000,59.1818
3123,AW00014122,"Kaitlyn Miller",72,New,"above 70",2013-04-16,146,2,31,2,2,0,15.5000,31
1192,AW00012191,"Melissa Washington",60,New,"45 - 70",2013-09-28,141,5,246,5,5,5,49.2000,49.2000
1660,AW00012659,"Damien Chande",71,New,"above 70",2013-04-16,146,3,74,3,3,0,24.6667,74
1269,AW00012268,"Edwin Shan",61,New,"45 - 70",2013-04-16,146,1,50,1,1,0,50.0000,50
581,AW00011580,"Melvin Raje",86,New,"above 70",2013-04-16,146,1,35,1,1,0,35.0000,35
2179,AW00013178,"Megan Gray",56,Regular,"45 - 70",2013-04-16,146,3,4499,3,3,15,1499.6667,299.9333
1209,AW00012208,"Dominique Sanchez",79,VIP,"above 70",2013-04-16,146,5,5954,5,5,16,1190.8000,372.1250
3844,AW00014843,"Lee Vazquez",44,VIP,"20 - 45",2013-11-26,139,6,6690,6,6,29,1115.0000,230.6897
2525,AW00013524,"Cheryl Blanco",41,New,"20 - 45",2013-04-16,146,4,4528,4,4,9,1132.0000,503.1111
751,AW00011750,"Latoya She",40,VIP,"20 - 45",2013-10-01,141,6,8148,6,6,26,1358.0000,313.3846
1672,AW00012671,"Alan Huang",45,VIP,"20 - 45",2013-08-29,142,6,6802,6,6,18,1133.6667,377.8889
1674,AW00012673,"Colin Stone",44,VIP,"20 - 45",2013-09-05,142,5,6768,5,5,18,1353.6000,376.0000
1002,AW00012001,"Shannon Yang",43,VIP,"20 - 45",2013-08-14,142,7,8113,7,7,21,1159.0000,386.3333
740,AW00011739,"Aaron King",60,New,"45 - 70",2013-04-16,146,6,4758,6,6,3,793.0000,1586.0000
1658,AW00012657,"Audrey Blanco",70,VIP,"45 - 70",2013-12-23,138,8,7384,8,8,13,923.0000,568.0000
1331,AW00012330,"Preston Raman",70,VIP,"45 - 70",2013-12-24,138,10,7932,10,10,16,793.2000,495.7500
613,AW00011612,"Keith Andersen",39,VIP,"20 - 45",2013-11-18,139,6,6795,6,6,21,1132.5000,323.5714
2687,AW00013686,"Peter Jai",46,VIP,"45 - 70",2013-09-06,142,4,6493,4,4,28,1623.2500,231.8929
1006,AW00012005,"Gilbert Shen",51,VIP,"45 - 70",2013-08-17,142,6,6985,6,6,20,1164.1667,349.2500
124,AW00011123,"Philip Alvarez",59,New,"45 - 70",2014-01-25,137,8,150,8,8,9,18.7500,16.6667
3567,AW00014566,"Kaylee Mitchell",48,New,"45 - 70",2013-09-29,141,13,402,13,13,5,30.9231,80.4000
2733,AW00013732,"Julian Isla",53,New,"45 - 70",2013-08-25,142,5,109,5,5,6,21.8000,18.1667
3476,AW00014475,"Isabella Perry",58,New,"45 - 70",2013-04-17,146,2,7,2,2,0,3.5000,7
2497,AW00013496,"Lucas Morris",57,New,"45 - 70",2013-04-17,146,2,37,2,2,0,18.5000,37
3090,AW00014089,"Kaitlyn Gray",41,Regular,"20 - 45",2013-04-17,146,4,1893,4,4,13,473.2500,145.6154
2101,AW00013100,"Jeremy Perez",56,New,"45 - 70",2013-04-17,146,3,2377,3,3,0,792.3333,2377
1357,AW00012356,"Julia Wood",48,VIP,"45 - 70",2013-09-19,141,5,6810,5,5,20,1362.0000,340.5000
991,AW00011990,"Joanna Vazquez",57,VIP,"45 - 70",2013-08-22,142,7,8164,7,7,21,1166.2857,388.7619
1645,AW00012644,"Rachel Reed",66,New,"45 - 70",2013-04-20,146,7,6838,7,7,7,976.8571,976.8571
1382,AW00012381,"Johnny Lal",40,New,"20 - 45",2013-04-18,146,6,5161,6,6,9,860.1667,573.4444
1287,AW00012286,"Nathan Jenkins",50,New,"45 - 70",2013-04-18,146,9,5255,9,9,11,583.8889,477.7273
3861,AW00014860,"Arturo Chande",62,New,"45 - 70",2013-06-24,144,4,67,4,4,2,16.7500,33.5000
2618,AW00013617,"Gerald Suri",43,New,"20 - 45",2014-01-20,137,5,142,5,5,9,28.4000,15.7778
2780,AW00013779,"Manuel Garcia",53,Regular,"45 - 70",2013-04-18,146,6,3063,6,6,15,510.5000,204.2000
501,AW00011500,"Sarah Simmons",45,New,"20 - 45",2014-01-10,138,30,653,30,30,11,21.7667,59.3636
1531,AW00012530,"Isabel Coleman",47,New,"45 - 70",2013-12-08,139,11,338,11,11,9,30.7273,37.5556
3245,AW00014244,"Jennifer Griffin",66,New,"45 - 70",2013-12-20,138,5,155,5,5,8,31.0000,19.3750
3136,AW00014135,"Clayton Xie",76,New,"above 70",2013-04-18,146,3,87,3,3,0,29.0000,87
2810,AW00013809,"Lisa Zhou",56,New,"45 - 70",2013-04-18,146,4,114,4,4,0,28.5000,114
312,AW00011311,"Gabrielle Lopez",66,New,"45 - 70",2013-09-13,141,4,77,4,4,4,19.2500,19.2500
1047,AW00012046,"Alexa Cook",45,New,"20 - 45",2013-04-18,146,2,44,2,2,2,22.0000,22.0000
1195,AW00012194,"Destiny Foster",66,New,"45 - 70",2013-05-09,146,4,83,4,4,0,20.7500,83
2351,AW00013350,"Isaac Sandberg",76,New,"above 70",2014-01-28,137,7,133,7,7,9,19.0000,14.7778
1954,AW00012953,"Catherine Cooper",56,New,"45 - 70",2013-04-18,146,3,81,3,3,0,27.0000,81
630,AW00011629,"Isaiah Wright",48,VIP,"45 - 70",2013-04-18,146,4,5930,4,4,18,1482.5000,329.4444
136,AW00011135,"Marcus Harris",40,New,"20 - 45",2013-04-18,146,3,2335,3,3,0,778.3333,2335
3345,AW00014344,"Kurt Xie",80,New,"above 70",2013-12-22,138,5,127,5,5,8,25.4000,15.8750
1036,AW00012035,"Gerald Prasad",78,New,"above 70",2013-05-14,145,6,81,6,6,3,13.5000,27.0000
754,AW00011753,"Felicia Ortega",49,New,"45 - 70",2013-10-15,140,4,48,4,4,5,12.0000,9.6000
79,AW00011078,"Gina Martin",40,New,"20 - 45",2014-01-28,137,31,912,31,31,11,29.4194,82.9091
1062,AW00012061,"Bryce Brooks",76,New,"above 70",2013-09-29,141,10,140,10,10,8,14.0000,17.5000
3921,AW00014920,"Jason Hill",55,New,"45 - 70",2013-04-19,146,1,5,1,1,0,5.0000,5
2901,AW00013900,"Isaac Campbell",39,New,"20 - 45",2013-04-19,146,1,22,1,1,0,22.0000,22
479,AW00011478,"Billy Hernandez",41,New,"20 - 45",2013-04-19,146,1,54,1,1,0,54.0000,54
2504,AW00013503,"Theodore Gomez",56,New,"45 - 70",2013-05-22,145,5,101,5,5,1,20.2000,101.0000
2508,AW00013507,"Margaret Patterson",64,New,"45 - 70",2013-04-25,146,3,44,3,3,0,14.6667,44
2545,AW00013544,"Joy Martin",43,New,"20 - 45",2013-11-17,139,6,108,6,6,6,18.0000,18.0000
2310,AW00013309,"Angela Sanders",78,New,"above 70",2013-04-19,146,1,22,1,1,0,22.0000,22
2174,AW00013173,"Dalton Brooks",51,Regular,"45 - 70",2013-04-19,146,5,4598,5,5,15,919.6000,306.5333
1918,AW00012917,"Vanessa Russell",49,VIP,"45 - 70",2013-04-19,146,2,5898,2,2,15,2949.0000,393.2000
1359,AW00012358,"Lacey Raje",49,VIP,"45 - 70",2013-09-04,142,5,6787,5,5,19,1357.4000,357.2105
2686,AW00013685,"Briana Torres",41,VIP,"20 - 45",2013-08-25,142,9,6509,9,9,27,723.2222,241.0741
2698,AW00013697,"Jâ”œÂ®sus Munoz",48,VIP,"45 - 70",2013-08-31,142,7,6485,7,7,28,926.4286,231.6071
143,AW00011142,"Eduardo Patterson",42,New,"20 - 45",2014-01-13,137,36,979,36,36,11,27.1944,89.0000
2670,AW00013669,"Kristy Gill",56,New,"45 - 70",2014-01-18,137,5,129,5,5,8,25.8000,16.1250
876,AW00011875,"Jonathan Brown",59,New,"45 - 70",2014-01-27,137,11,292,11,11,9,26.5455,32.4444
2145,AW00013144,"Destiny Stewart",43,New,"20 - 45",2013-09-06,142,11,281,11,11,6,25.5455,46.8333
3583,AW00014582,"Marcus Reed",44,New,"20 - 45",2013-11-24,139,9,112,9,9,9,12.4444,12.4444
1431,AW00012430,"Kaitlyn Thompson",64,New,"45 - 70",2014-01-10,138,11,289,11,11,8,26.2727,36.1250
3281,AW00014280,"Isaac Oliver",46,New,"45 - 70",2013-04-20,146,2,57,2,2,0,28.5000,57
2749,AW00013748,"Josâ”œÂ® Martinez",56,New,"45 - 70",2013-04-20,146,2,72,2,2,0,36.0000,72
3493,AW00014492,"Justin Patterson",66,New,"45 - 70",2013-04-20,146,2,7,2,2,0,3.5000,7
516,AW00011515,"Shannon Huang",65,VIP,"45 - 70",2013-04-20,146,4,5930,4,4,19,1482.5000,312.1053
1676,AW00012675,"Holly Fernandez",40,VIP,"20 - 45",2013-09-14,141,5,6812,5,5,19,1362.4000,358.5263
444,AW00011443,"Grace Griffin",43,VIP,"20 - 45",2013-10-01,141,8,8235,8,8,27,1029.3750,305.0000
987,AW00011986,"Max Alvarez",56,VIP,"45 - 70",2013-08-27,142,11,8245,11,11,21,749.5455,392.6190
1223,AW00012222,"Jenny Xu",58,VIP,"45 - 70",2013-12-07,139,8,6909,8,8,20,863.6250,345.4500
3072,AW00014071,"Jack Li",61,New,"45 - 70",2013-07-31,143,5,5618,5,5,11,1123.6000,510.7273
2557,AW00013556,"Alisha Nath",50,VIP,"45 - 70",2013-11-18,139,7,6497,7,7,22,928.1429,295.3182
786,AW00011785,"Theodore Diaz",42,New,"20 - 45",2013-08-31,142,3,75,3,3,4,25.0000,18.7500
114,AW00011113,"Micheal Blanco",52,New,"45 - 70",2013-04-21,146,7,110,7,7,2,15.7143,55.0000
3909,AW00014908,"Morgan Mitchell",52,New,"45 - 70",2013-04-21,146,2,40,2,2,0,20.0000,40
3879,AW00014878,"Marcus Murphy",53,New,"45 - 70",2013-04-21,146,4,126,4,4,0,31.5000,126
3609,AW00014608,"Warren Gao",55,New,"45 - 70",2013-04-21,146,2,40,2,2,0,20.0000,40
644,AW00011643,"Naomi Munoz",49,New,"45 - 70",2013-07-04,144,5,100,5,5,2,20.0000,50.0000
2981,AW00013980,"Margaret Liu",40,New,"20 - 45",2013-04-21,146,2,57,2,2,0,28.5000,57
2291,AW00013290,"Jordan Campbell",57,New,"45 - 70",2013-11-16,139,8,112,8,8,6,14.0000,18.6667
1628,AW00012627,"Leah Zheng",46,New,"45 - 70",2013-06-30,144,6,111,6,6,2,18.5000,55.5000
1468,AW00012467,"Jennifer Jones",41,New,"20 - 45",2013-04-21,146,2,59,2,2,0,29.5000,59
1380,AW00012379,"Bridget Chande",41,New,"20 - 45",2013-04-21,146,1,50,1,1,0,50.0000,50
425,AW00011424,"Pamela Garcia",60,New,"45 - 70",2013-04-21,146,2,44,2,2,0,22.0000,44
2177,AW00013176,"Kurt Chander",52,Regular,"45 - 70",2013-04-21,146,4,4753,4,4,14,1188.2500,339.5000
2178,AW00013177,"Taylor Rogers",56,Regular,"45 - 70",2013-04-21,146,3,4499,3,3,14,1499.6667,321.3571
2206,AW00013205,"Jerome Torres",75,Regular,"above 70",2013-04-21,146,4,4803,4,4,15,1200.7500,320.2000
1936,AW00012935,"Robert Hill",45,Regular,"20 - 45",2013-04-21,146,4,4794,4,4,15,1198.5000,319.6000
1210,AW00012209,"Mindy Jai",79,VIP,"above 70",2013-04-21,146,3,5908,3,3,16,1969.3333,369.2500
1363,AW00012362,"Thomas Harrison",73,VIP,"above 70",2013-04-21,146,4,5904,4,4,16,1476.0000,369.0000
482,AW00011481,"Erica Hu",46,Regular,"45 - 70",2013-04-21,146,6,4978,6,6,14,829.6667,355.5714
1215,AW00012214,"Julie Raje",57,VIP,"45 - 70",2013-12-17,138,8,6803,8,8,21,850.3750,323.9524
3316,AW00014315,"Carl Chander",55,New,"45 - 70",2013-10-05,141,5,109,5,5,5,21.8000,21.8000
821,AW00011820,"Katelyn Lopez",47,New,"45 - 70",2013-12-06,139,10,232,10,10,9,23.2000,25.7778
1160,AW00012159,"Kaitlyn Scott",50,New,"45 - 70",2014-01-15,137,12,259,12,12,10,21.5833,25.9000
2487,AW00013486,"Rebekah Gomez",82,New,"above 70",2013-09-02,142,7,226,7,7,4,32.2857,56.5000
2986,AW00013985,"Alexis Wood",40,New,"20 - 45",2013-04-22,146,2,31,2,2,0,15.5000,31
3807,AW00014806,"Damien Jai",51,New,"45 - 70",2013-06-13,144,6,243,6,6,1,40.5000,243.0000
1016,AW00012015,"Jacob White",43,New,"20 - 45",2013-04-22,146,3,62,3,3,0,20.6667,62
860,AW00011859,"Blake Garcia",57,New,"45 - 70",2013-12-01,139,3,72,3,3,7,24.0000,10.2857
1931,AW00012930,"Grace Harris",50,Regular,"45 - 70",2013-04-22,146,4,4514,4,4,15,1128.5000,300.9333
3792,AW00014791,"Ashlee Deng",52,VIP,"45 - 70",2013-06-22,144,9,7210,9,9,13,801.1111,554.6154
659,AW00011658,"Robert Mitchell",39,New,"20 - 45",2013-07-24,143,5,112,5,5,3,22.4000,37.3333
3442,AW00014441,"William Lewis",48,New,"45 - 70",2013-04-23,146,2,142,2,2,0,71.0000,142
476,AW00011475,"Cesar Subram",41,New,"20 - 45",2013-04-23,146,4,69,4,4,0,17.2500,69
2817,AW00013816,"Marissa Henderson",40,New,"20 - 45",2013-08-30,142,9,261,9,9,4,29.0000,65.2500
3076,AW00014075,"Robert Harris",43,New,"20 - 45",2013-04-23,146,2,57,2,2,0,28.5000,57
806,AW00011805,"Richard Green",48,New,"45 - 70",2013-11-05,140,4,129,4,4,6,32.2500,21.5000
3111,AW00014110,"Dakota Simmons",46,New,"45 - 70",2013-04-23,146,4,819,4,4,0,204.7500,819
3038,AW00014037,"Lydia Sara",45,Regular,"20 - 45",2013-04-23,146,5,1898,5,5,13,379.6000,146.0000
626,AW00011625,"Zachary Moore",46,VIP,"45 - 70",2013-04-23,146,4,5913,4,4,18,1478.2500,328.5000
2094,AW00013093,"Michelle James",62,Regular,"45 - 70",2013-04-23,146,4,4778,4,4,15,1194.5000,318.5333
127,AW00011126,"Shaun Carson",70,Regular,"45 - 70",2013-11-03,140,8,4971,8,8,29,621.3750,171.4138
1675,AW00012674,"Jimmy Travers",44,VIP,"20 - 45",2013-09-04,142,4,6829,4,4,18,1707.2500,379.3889
1635,AW00012634,"Derrick Ruiz",74,New,"above 70",2013-04-24,146,5,6787,5,5,7,1357.4000,969.5714
614,AW00011613,"Meredith Prasad",44,New,"20 - 45",2013-04-24,146,4,4381,4,4,11,1095.2500,398.2727
1298,AW00012297,"Felicia Blanco",75,VIP,"above 70",2013-11-09,140,11,8022,11,11,14,729.2727,573.0000
2523,AW00013522,"Logan Taylor",42,New,"20 - 45",2013-06-25,144,2,60,2,2,2,30.0000,30.0000
1692,AW00012691,"Rafael Andersen",47,New,"45 - 70",2013-12-13,138,5,247,5,5,7,49.4000,35.2857
702,AW00011701,"David Hayes",39,New,"20 - 45",2013-05-04,146,4,129,4,4,0,32.2500,129
1068,AW00012067,"Aaron Bryant",75,New,"above 70",2013-07-26,143,5,134,5,5,3,26.8000,44.6667
1137,AW00012136,"Blake Turner",87,New,"above 70",2014-01-23,137,10,181,10,10,8,18.1000,22.6250
2232,AW00013231,"Alexia Ross",71,New,"above 70",2013-09-17,141,11,248,11,11,4,22.5455,62.0000
3120,AW00014119,"Paige Cooper",52,New,"45 - 70",2013-10-28,140,7,149,7,7,6,21.2857,24.8333
687,AW00011686,"Luke Edwards",49,New,"45 - 70",2013-04-24,146,4,129,4,4,1,32.2500,129.0000
3086,AW00014085,"Nathan Garcia",39,New,"20 - 45",2013-04-24,146,3,37,3,3,0,12.3333,37
2222,AW00013221,"Madeline Hall",73,Regular,"above 70",2013-04-24,146,4,4795,4,4,15,1198.7500,319.6667
655,AW00011654,"Ariana Sanchez",48,VIP,"45 - 70",2013-04-24,146,4,5955,4,4,18,1488.7500,330.8333
625,AW00011624,"Ryan Smith",41,VIP,"20 - 45",2013-04-24,146,2,5898,2,2,19,2949.0000,310.4211
2017,AW00013016,"Antonio Bryant",51,Regular,"45 - 70",2013-04-24,146,5,4813,5,5,15,962.6000,320.8667
2084,AW00013083,"Jordyn Butler",46,Regular,"45 - 70",2013-04-24,146,4,4533,4,4,15,1133.2500,302.2000
1710,AW00012709,"Ian Rodriguez",78,VIP,"above 70",2013-04-24,146,3,5933,3,3,16,1977.6667,370.8125
3771,AW00014770,"Melvin Andersen",46,VIP,"45 - 70",2013-10-11,141,5,6679,5,5,27,1335.8000,247.3704
3779,AW00014778,"Renee Jimenez",52,VIP,"45 - 70",2013-11-17,139,7,6673,7,7,29,953.2857,230.1034
1678,AW00012677,"Cedric Liu",45,VIP,"20 - 45",2013-09-21,141,4,6785,4,4,19,1696.2500,357.1053
995,AW00011994,"Leah Hu",47,VIP,"45 - 70",2013-08-23,142,5,8169,5,5,20,1633.8000,408.4500
1219,AW00012218,"Mitchell Xu",58,New,"45 - 70",2013-04-25,146,5,4472,5,5,11,894.4000,406.5455
1944,AW00012943,"Caleb Perez",54,New,"45 - 70",2014-01-16,137,5,106,5,5,8,21.2000,13.2500
1074,AW00012073,"Thomas Rodriguez",75,New,"above 70",2013-04-25,146,5,134,5,5,1,26.8000,134.0000
641,AW00011640,"Chloe Wilson",49,New,"45 - 70",2013-12-29,138,15,408,15,15,9,27.2000,45.3333
710,AW00011709,"Hailey Collins",56,New,"45 - 70",2013-10-14,140,12,325,12,12,7,27.0833,46.4286
3295,AW00014294,"Steven Gray",62,New,"45 - 70",2013-04-25,146,3,81,3,3,0,27.0000,81
1505,AW00012504,"Arthur Gutierrez",56,New,"45 - 70",2013-04-25,146,3,61,3,3,0,20.3333,61
1982,AW00012981,"Joe Sanz",60,Regular,"45 - 70",2013-04-25,146,4,4809,4,4,15,1202.2500,320.6000
1010,AW00012009,"Ann Martinez",62,VIP,"45 - 70",2013-08-13,142,7,8195,7,7,20,1170.7143,409.7500
1339,AW00012338,"Monica Vance",43,VIP,"20 - 45",2013-08-17,142,8,8265,8,8,19,1033.1250,435.0000
1308,AW00012307,"Brad She",65,VIP,"45 - 70",2013-11-17,139,11,13172,11,11,29,1197.4545,454.2069
2615,AW00013614,"Julie Becker",39,New,"20 - 45",2013-10-16,140,5,114,5,5,5,22.8000,22.8000
635,AW00011634,"Samuel Collins",47,New,"45 - 70",2013-04-26,146,3,39,3,3,1,13.0000,39.0000
720,AW00011719,"Blake Green",54,New,"45 - 70",2013-09-20,141,11,286,11,11,4,26.0000,71.5000
3095,AW00014094,"Amanda Russell",42,New,"20 - 45",2013-04-26,146,1,22,1,1,0,22.0000,22
2915,AW00013914,"Abigail Bell",55,New,"45 - 70",2013-04-26,146,2,72,2,2,0,36.0000,72
1933,AW00012932,"Tyler Johnson",50,New,"45 - 70",2013-10-27,140,3,49,3,3,6,16.3333,8.1667
1235,AW00012234,"Clarence Zeng",65,New,"45 - 70",2013-04-26,146,1,35,1,1,0,35.0000,35
691,AW00011690,"Caroline Butler",49,VIP,"45 - 70",2013-04-26,146,4,5904,4,4,18,1476.0000,328.0000
624,AW00011623,"Angela Perry",46,VIP,"45 - 70",2013-04-26,146,5,5948,5,5,19,1189.6000,313.0526
389,AW00011388,"Joseph Martin",60,VIP,"45 - 70",2013-04-26,146,7,6987,7,7,21,998.1429,332.7143
3088,AW00014087,"Harold Garcia",82,New,"above 70",2013-07-08,144,5,342,5,5,5,68.4000,68.4000
165,AW00011164,"Devin Brooks",45,New,"20 - 45",2013-08-05,143,6,145,6,6,3,24.1667,48.3333
923,AW00011922,"James Davis",40,New,"20 - 45",2013-10-23,140,12,276,12,12,8,23.0000,34.5000
2309,AW00013308,"Kaitlyn King",83,New,"above 70",2013-04-27,146,2,30,2,2,0,15.0000,30
1928,AW00012927,"Savannah Sanchez",53,New,"45 - 70",2013-07-23,143,5,108,5,5,2,21.6000,54.0000
856,AW00011855,"Christian Walker",50,New,"45 - 70",2013-09-11,142,3,90,3,3,4,30.0000,22.5000
2422,AW00013421,"Alyssa Patterson",54,New,"45 - 70",2013-04-27,146,2,24,2,2,0,12.0000,24
867,AW00011866,"Lucas Scott",58,New,"45 - 70",2013-04-27,146,2,43,2,2,2,21.5000,21.5000
2587,AW00013586,"Larry Alonso",61,New,"45 - 70",2013-12-18,138,4,98,4,4,7,24.5000,14.0000
631,AW00011630,"Haley Powell",48,VIP,"45 - 70",2013-04-27,146,3,5933,3,3,19,1977.6667,312.2632
1930,AW00012929,"Vanessa Bryant",50,Regular,"45 - 70",2013-04-27,146,4,4820,4,4,15,1205.0000,321.3333
1351,AW00012350,"Logan Hernandez",41,VIP,"20 - 45",2013-09-25,141,6,6791,6,6,20,1131.8333,339.5500
1005,AW00012004,"Jarrod Suri",50,VIP,"45 - 70",2013-08-08,143,4,8114,4,4,21,2028.5000,386.3810
121,AW00011120,"Beth Jimâ”œÂ®nez",83,VIP,"above 70",2013-09-19,141,10,8242,10,10,28,824.2000,294.3571
1654,AW00012653,"Nichole Andersen",69,New,"45 - 70",2013-05-28,145,10,6859,10,10,8,685.9000,857.3750
1132,AW00012131,"Randall Dominguez",64,VIP,"45 - 70",2013-10-10,141,11,13265,11,11,31,1205.9091,427.9032
20,AW00011019,"Luke Lal",41,New,"20 - 45",2014-01-12,137,33,880,33,33,11,26.6667,80.0000
2038,AW00013037,"Terrence Pal",64,New,"45 - 70",2013-11-10,140,2,60,2,2,6,30.0000,10.0000
3125,AW00014124,"Justin Li",39,New,"20 - 45",2013-11-14,139,2,58,2,2,6,29.0000,9.6667
213,AW00011212,"Chloe Campbell",70,New,"45 - 70",2014-01-17,137,33,824,33,33,11,24.9697,74.9091
3275,AW00014274,"Edward Williams",43,New,"20 - 45",2013-12-29,138,6,122,6,6,8,20.3333,15.2500
770,AW00011769,"Haley Hernandez",46,New,"45 - 70",2013-09-18,141,17,478,17,17,4,28.1176,119.5000
3595,AW00014594,"Lauren Taylor",53,New,"45 - 70",2013-04-28,146,2,164,2,2,0,82.0000,164
3203,AW00014202,"Clayton Zeng",71,New,"above 70",2013-04-28,146,1,33,1,1,0,33.0000,33
1296,AW00012295,"Dwayne Gomez",69,New,"45 - 70",2013-09-26,141,9,174,9,9,7,19.3333,24.8571
1815,AW00012814,"Casey Sharma",41,New,"20 - 45",2013-04-28,146,2,29,2,2,0,14.5000,29
790,AW00011789,"Bailey Phillips",44,New,"20 - 45",2013-04-28,146,3,72,3,3,1,24.0000,72.0000
847,AW00011846,"Savannah Reed",55,New,"45 - 70",2013-07-10,144,2,85,2,2,2,42.5000,42.5000
3107,AW00014106,"Melissa Hughes",43,Regular,"20 - 45",2013-04-28,146,5,1839,5,5,12,367.8000,153.2500
3131,AW00014130,"Rebekah Serrano",40,New,"20 - 45",2013-04-28,146,5,3814,5,5,8,762.8000,476.7500
1355,AW00012354,"Lance Ortega",40,VIP,"20 - 45",2013-09-02,142,6,6797,6,6,19,1132.8333,357.7368
1361,AW00012360,"Mario Goel",48,VIP,"45 - 70",2013-09-24,141,3,6750,3,3,20,2250.0000,337.5000
1668,AW00012667,"Maria Wood",43,VIP,"20 - 45",2013-09-16,141,7,6813,7,7,19,973.2857,358.5789
2259,AW00013258,"Anne Dominguez",62,VIP,"45 - 70",2013-12-14,138,10,8886,10,10,35,888.6000,253.8857
2252,AW00013251,"Raymond Malhotra",50,New,"45 - 70",2013-05-07,146,7,6844,7,7,6,977.7143,1140.6667
2772,AW00013771,"Victor Moreno",45,VIP,"20 - 45",2013-10-15,140,10,6535,10,10,29,653.5000,225.3448
3229,AW00014228,"Arturo Raje",48,New,"45 - 70",2014-01-08,138,2,75,2,2,8,37.5000,9.3750
3364,AW00014363,"Natalie Long",46,New,"45 - 70",2013-11-17,139,9,193,9,9,6,21.4444,32.1667
3805,AW00014804,"Martha Zhou",45,New,"20 - 45",2013-07-28,143,4,139,4,4,2,34.7500,69.5000
2786,AW00013785,"Clayton She",53,New,"45 - 70",2013-06-17,144,8,122,8,8,1,15.2500,122.0000
1108,AW00012107,"Nathan Gonzales",63,New,"45 - 70",2013-07-29,143,8,222,8,8,5,27.7500,44.4000
933,AW00011932,"Elizabeth Coleman",41,New,"20 - 45",2013-07-25,143,6,136,6,6,2,22.6667,68.0000
1228,AW00012227,"Kelsey Raje",62,New,"45 - 70",2013-04-29,146,2,44,2,2,0,22.0000,44
2068,AW00013067,"Olivia Garcia",45,Regular,"20 - 45",2013-04-29,146,4,3059,4,4,15,764.7500,203.9333
697,AW00011696,"Mackenzie Campbell",50,VIP,"45 - 70",2013-04-29,146,2,5873,2,2,18,2936.5000,326.2778
2191,AW00013190,"Jonathan Diaz",77,Regular,"above 70",2013-04-29,146,2,4502,2,2,15,2251.0000,300.1333
3834,AW00014833,"Riley Hayes",57,VIP,"45 - 70",2013-11-08,140,5,6679,5,5,28,1335.8000,238.5357
148,AW00011147,"Ernest Wu",80,VIP,"above 70",2013-10-16,140,7,8195,7,7,29,1170.7143,282.5862
2260,AW00013259,"Allen Garcia",62,VIP,"45 - 70",2013-11-18,139,14,7853,14,14,33,560.9286,237.9697
184,AW00011183,"Jasmine Lee",75,New,"above 70",2013-06-13,144,4,46,4,4,1,11.5000,46.0000
69,AW00011068,"Tiffany Liang",58,New,"45 - 70",2013-10-08,141,9,113,9,9,5,12.5556,22.6000
841,AW00011840,"Julian Patterson",49,New,"45 - 70",2013-05-04,146,3,87,3,3,0,29.0000,87
2702,AW00013701,"Haley Scott",45,New,"20 - 45",2014-01-18,137,10,170,10,10,8,17.0000,21.2500
1971,AW00012970,"Angela Powell",59,New,"45 - 70",2013-10-22,140,15,471,15,15,5,31.4000,94.2000
3920,AW00014919,"Erik Torres",55,New,"45 - 70",2013-04-30,146,2,7,2,2,0,3.5000,7
3091,AW00014090,"Jennifer Lewis",42,New,"20 - 45",2013-04-30,146,2,86,2,2,0,43.0000,86
2188,AW00013187,"Evan Wright",77,New,"above 70",2013-04-30,146,2,30,2,2,0,15.0000,30
3119,AW00014118,"Elizabeth Ross",47,New,"45 - 70",2013-09-18,141,4,4741,4,4,4,1185.2500,1185.2500
774,AW00011773,"Gavin Diaz",46,VIP,"45 - 70",2013-04-30,146,4,5984,4,4,18,1496.0000,332.4444
239,AW00011238,"Mayra Prasad",61,VIP,"45 - 70",2013-04-30,146,9,7543,9,9,27,838.1111,279.3704
3977,AW00014976,"Randy Hu",57,New,"45 - 70",2013-06-09,145,5,7041,5,5,11,1408.2000,640.0909
2964,AW00013963,"Veronica Patel",53,New,"45 - 70",2014-01-13,137,5,139,5,5,8,27.8000,17.3750
1633,AW00012632,"Bonnie Nath",64,VIP,"45 - 70",2013-06-16,144,6,10793,6,6,20,1798.8333,539.6500
505,AW00011504,"Jordan Baker",88,New,"above 70",2013-05-03,146,4,44,4,4,0,11.0000,44
164,AW00011163,"Gabriel Wang",45,New,"20 - 45",2013-08-05,143,4,46,4,4,3,11.5000,15.3333
2550,AW00013549,"Richard King",50,New,"45 - 70",2013-05-01,146,2,94,2,2,0,47.0000,94
1150,AW00012149,"Bailey Scott",50,New,"45 - 70",2014-01-08,138,4,83,4,4,8,20.7500,10.3750
2600,AW00013599,"Valerie Zhu",63,New,"45 - 70",2013-09-30,141,5,51,5,5,4,10.2000,12.7500
353,AW00011352,"Raymond Rodriguez",79,New,"above 70",2013-05-01,146,2,14,2,2,0,7.0000,14
3344,AW00014343,"Xavier Turner",40,New,"20 - 45",2013-05-01,146,3,1839,3,3,8,613.0000,229.8750
2238,AW00013237,"Devin Stewart",71,Regular,"above 70",2013-05-01,146,4,4517,4,4,14,1129.2500,322.6429
2278,AW00013277,"Nathan Brown",54,Regular,"45 - 70",2013-05-01,146,3,4499,3,3,14,1499.6667,321.3571
2378,AW00013377,"Thomas Hernandez",71,New,"above 70",2013-05-01,146,1,2320,1,1,0,2320.0000,2320
2461,AW00013460,"Jasmine Walker",65,New,"45 - 70",2013-08-05,143,4,4693,4,4,3,1173.2500,1564.3333
1392,AW00012391,"Olivia Kelly",42,New,"20 - 45",2013-05-29,145,4,5121,4,4,11,1280.2500,465.5455
3307,AW00014306,"Byron Ramos",58,Regular,"45 - 70",2013-10-01,141,6,3652,6,6,12,608.6667,304.3333
5,AW00011004,"Elizabeth Johnson",45,VIP,"20 - 45",2013-05-01,146,6,8196,6,6,27,1366.0000,303.5556
30,AW00011029,"Jimmy Moreno",73,VIP,"above 70",2013-11-11,140,7,6565,7,7,33,937.8571,198.9394
1689,AW00012688,"Stacy Navarro",47,VIP,"45 - 70",2013-10-02,141,6,6867,6,6,18,1144.5000,381.5000
1227,AW00012226,"Faith Ward",57,New,"45 - 70",2013-05-02,146,5,4368,5,5,11,873.6000,397.0909
3069,AW00014068,"Brent McDonald",57,New,"45 - 70",2013-08-19,142,3,77,3,3,3,25.6667,25.6667
2156,AW00013155,"Jay Gutierrez",75,New,"above 70",2013-12-26,138,6,227,6,6,9,37.8333,25.2222
1093,AW00012092,"Austin White",71,New,"above 70",2013-06-03,145,4,51,4,4,1,12.7500,51.0000
285,AW00011284,"Theresa Serrano",57,New,"45 - 70",2013-05-02,146,5,55,5,5,2,11.0000,27.5000
198,AW00011197,"Andrea Morris",73,New,"above 70",2013-07-20,143,6,207,6,6,2,34.5000,103.5000
1096,AW00012095,"Austin Griffin",71,New,"above 70",2013-08-03,143,4,57,4,4,3,14.2500,19.0000
3662,AW00014661,"Jade Ward",61,New,"45 - 70",2013-08-04,143,10,195,10,10,3,19.5000,65.0000
509,AW00011508,"Elizabeth Wilson",53,New,"45 - 70",2013-05-14,145,4,77,4,4,0,19.2500,77
1048,AW00012047,"Alexandra Davis",45,New,"20 - 45",2013-10-17,140,2,44,2,2,5,22.0000,8.8000
2075,AW00013074,"Grace Hughes",43,New,"20 - 45",2013-05-02,146,2,57,2,2,0,28.5000,57
1307,AW00012306,"Logan Parker",66,New,"45 - 70",2013-06-08,145,3,75,3,3,1,25.0000,75.0000
2345,AW00013344,"Caitlin Reed",77,New,"above 70",2013-05-02,146,3,81,3,3,0,27.0000,81
3388,AW00014387,"Brittany Hughes",73,New,"above 70",2013-05-02,146,4,898,4,4,0,224.5000,898
2300,AW00013299,"Vanessa Ross",58,Regular,"45 - 70",2013-05-02,146,6,4835,6,6,14,805.8333,345.3571
2418,AW00013417,"Ian Cox",NULL,New,"above 70",2013-05-02,146,4,2370,4,4,0,592.5000,2370
2347,AW00013346,"Gregory Chande",76,Regular,"above 70",2013-05-02,146,3,4499,3,3,14,1499.6667,321.3571
2379,AW00013378,"Alexandra Bailey",65,Regular,"45 - 70",2013-05-02,146,6,4523,6,6,15,753.8333,301.5333
6,AW00011005,"Julio Ruiz",48,VIP,"45 - 70",2013-05-02,146,6,8121,6,6,28,1353.5000,290.0357
3211,AW00014210,"Jenny Tang",43,VIP,"20 - 45",2013-08-28,142,5,5621,5,5,12,1124.2000,468.4167
3287,AW00014286,"Kristine Hernandez",60,New,"45 - 70",2013-09-03,142,7,5234,7,7,11,747.7143,475.8182
1248,AW00012247,"Brandy Raman",40,New,"20 - 45",2013-05-03,146,3,77,3,3,3,25.6667,25.6667
2100,AW00013099,"Jay Romero",62,New,"45 - 70",2013-10-14,140,5,217,5,5,5,43.4000,43.4000
173,AW00011172,"Gabrielle Adams",52,New,"45 - 70",2014-01-11,138,7,129,7,7,8,18.4286,16.1250
2942,AW00013941,"Brittany Hayes",48,New,"45 - 70",2013-12-19,138,11,287,11,11,7,26.0909,41.0000
869,AW00011868,"Jessica Peterson",52,New,"45 - 70",2013-12-17,138,11,248,11,11,10,22.5455,24.8000
793,AW00011792,"Alexia Perry",50,New,"45 - 70",2013-06-30,144,3,120,3,3,1,40.0000,120.0000
3077,AW00014076,"Justin Ross",43,New,"20 - 45",2013-05-03,146,2,72,2,2,0,36.0000,72
2304,AW00013303,"Jonathan Martinez",58,New,"45 - 70",2013-09-06,142,6,66,6,6,4,11.0000,16.5000
2281,AW00013280,"Bailey Adams",44,Regular,"20 - 45",2013-05-03,146,4,4559,4,4,14,1139.7500,325.6429
1448,AW00012447,"Carson Hayes",62,New,"45 - 70",2013-05-03,146,4,2332,4,4,0,583.0000,2332
2368,AW00013367,"Savannah Edwards",72,Regular,"above 70",2013-05-03,146,4,4517,4,4,14,1129.2500,322.6429
3929,AW00014928,"Roy Patel",51,VIP,"45 - 70",2013-10-31,140,6,6706,6,6,27,1117.6667,248.3704
433,AW00011432,"Dominique Prasad",68,VIP,"45 - 70",2013-12-25,138,16,9330,16,16,12,583.1250,777.5000
3135,AW00014134,"Cassandra Fernandez",42,New,"20 - 45",2013-05-03,146,4,3835,4,4,9,958.7500,426.1111
1,AW00011000,"Jon Yang",53,VIP,"45 - 70",2013-05-03,146,8,8249,8,8,27,1031.1250,305.5185
1690,AW00012689,"Tamara Pal",47,VIP,"45 - 70",2013-09-29,141,8,6846,8,8,18,855.7500,380.3333
2975,AW00013974,"Tina Chandra",55,VIP,"45 - 70",2013-12-01,139,7,5237,7,7,16,748.1429,327.3125
3970,AW00014969,"Julio Vazquez",45,Regular,"20 - 45",2013-05-04,146,2,4118,2,2,16,2059.0000,257.3750
927,AW00011926,"Eduardo Foster",41,New,"20 - 45",2013-06-18,144,3,48,3,3,1,16.0000,48.0000
1039,AW00012038,"George Vance",76,New,"above 70",2014-01-26,137,5,91,5,5,8,18.2000,11.3750
3759,AW00014758,"Victoria Long",56,New,"45 - 70",2013-05-04,146,2,40,2,2,0,20.0000,40
3085,AW00014084,"Robert Lal",39,New,"20 - 45",2013-08-27,142,9,138,9,9,3,15.3333,46.0000
1722,AW00012721,"Rebekah Martinez",45,New,"20 - 45",2013-05-04,146,2,15,2,2,0,7.5000,15
2306,AW00013305,"Oscar Alexander",53,New,"45 - 70",2013-05-04,146,2,72,2,2,0,36.0000,72
1544,AW00012543,"Ruben Alvarez",61,New,"45 - 70",2013-05-04,146,1,9,1,1,0,9.0000,9
728,AW00011727,"Benjamin Taylor",52,VIP,"45 - 70",2013-05-04,146,4,5962,4,4,18,1490.5000,331.2222
2420,AW00013419,"Lauren Coleman",54,Regular,"45 - 70",2013-05-04,146,2,4477,2,2,14,2238.5000,319.7857
2421,AW00013420,"Jordan Turner",54,Regular,"45 - 70",2013-05-04,146,3,4798,3,3,14,1599.3333,342.7143
3042,AW00014041,"Danielle Bell",57,New,"45 - 70",2013-09-06,142,5,4765,5,5,4,953.0000,1191.2500
746,AW00011745,"Allison Gonzalez",61,VIP,"45 - 70",2013-05-04,146,5,5948,5,5,18,1189.6000,330.4444
2316,AW00013315,"Lucas Thomas",65,Regular,"45 - 70",2013-05-04,146,4,4542,4,4,14,1135.5000,324.4286
2013,AW00013012,"Krystal Hu",54,VIP,"45 - 70",2013-10-18,140,9,7017,9,9,17,779.6667,412.7647
898,AW00011897,"Orlando Ashe",51,VIP,"45 - 70",2013-10-14,140,6,8203,6,6,25,1367.1667,328.1200
1007,AW00012006,"Richard Blue",52,New,"45 - 70",2013-07-29,143,6,144,6,6,2,24.0000,72.0000
1345,AW00012344,"Dominique Perez",44,New,"20 - 45",2013-08-13,142,6,68,6,6,4,11.3333,17.0000
2982,AW00013981,"Joy Carlson",75,New,"above 70",2013-07-20,143,5,124,5,5,2,24.8000,62.0000
2830,AW00013829,"Randall Carlson",42,Regular,"20 - 45",2013-05-05,146,4,4379,4,4,22,1094.7500,199.0455
1120,AW00012119,"Keith Raje",68,New,"45 - 70",2013-11-05,140,4,162,4,4,6,40.5000,27.0000
3605,AW00014604,"Nicholas Rodriguez",54,New,"45 - 70",2013-05-05,146,6,138,6,6,3,23.0000,46.0000
2927,AW00013926,"Dalton Hill",56,New,"45 - 70",2013-05-05,146,2,57,2,2,0,28.5000,57
3571,AW00014570,"Hannah Henderson",48,New,"45 - 70",2013-05-05,146,2,40,2,2,0,20.0000,40
2675,AW00013674,"Drew Shen",39,New,"20 - 45",2013-05-05,146,3,148,3,3,0,49.3333,148
2053,AW00013052,"Jared Morris",NULL,New,"above 70",2013-05-05,146,2,31,2,2,0,15.5000,31
2419,AW00013418,"Devin Cox",54,New,"45 - 70",2013-08-14,142,4,4768,4,4,3,1192.0000,1589.3333
2279,AW00013278,"Jorge Hu",54,Regular,"45 - 70",2013-05-05,146,4,4579,4,4,14,1144.7500,327.0714
2910,AW00013909,"Riley Price",54,New,"45 - 70",2013-09-03,142,6,4764,6,6,3,794.0000,1588.0000
3134,AW00014133,"Ricardo Kumar",42,New,"20 - 45",2013-05-05,146,4,3764,4,4,8,941.0000,470.5000
757,AW00011756,"Linda Ortega",51,VIP,"45 - 70",2013-10-25,140,6,8078,6,6,26,1346.3333,310.6923
1688,AW00012687,"Marshall Li",47,VIP,"45 - 70",2013-10-19,140,4,6805,4,4,19,1701.2500,358.1579
417,AW00011416,"Katrina Becker",74,New,"above 70",2013-05-05,146,5,4928,5,5,5,985.6000,985.6000
2412,AW00013411,"Jacquelyn Blanco",64,New,"45 - 70",2013-05-30,145,5,6819,5,5,5,1363.8000,1363.8000
2261,AW00013260,"James Flores",62,VIP,"45 - 70",2013-08-13,142,8,7239,8,8,30,904.8750,241.3000
3014,AW00014013,"Jimmy Blanco",62,New,"45 - 70",2013-12-12,138,5,138,5,5,7,27.6000,19.7143
3214,AW00014213,"Autumn Guo",44,New,"20 - 45",2013-11-11,140,4,86,4,4,6,21.5000,14.3333
2945,AW00013944,"Andrew Moore",59,New,"45 - 70",2014-01-06,138,10,160,10,10,11,16.0000,14.5455
663,AW00011662,"Ethan Kumar",49,New,"45 - 70",2013-07-06,144,4,100,4,4,2,25.0000,50.0000
211,AW00011210,"Edward Wood",71,New,"above 70",2013-09-06,142,5,70,5,5,4,14.0000,17.5000
2286,AW00013285,"Kara Chavez",56,New,"45 - 70",2013-10-26,140,11,214,11,11,8,19.4545,26.7500
1804,AW00012803,"Heather Li",51,New,"45 - 70",2014-01-15,137,8,144,8,8,8,18.0000,18.0000
2015,AW00013014,"James Clark",40,New,"20 - 45",2014-01-10,138,4,195,4,4,8,48.7500,24.3750
2704,AW00013703,"Mackenzie Sanders",45,New,"20 - 45",2013-05-06,146,3,75,3,3,0,25.0000,75
601,AW00011600,"Linda Rubio",42,New,"20 - 45",2013-05-06,146,1,35,1,1,0,35.0000,35
2251,AW00013250,"Jordan King",62,Regular,"45 - 70",2013-05-06,146,2,4502,2,2,14,2251.0000,321.5714
2344,AW00013343,"Melanie Bradley",71,New,"above 70",2013-07-24,143,6,4720,6,6,2,786.6667,2360.0000
2415,AW00013414,"Miguel Wilson",86,New,"above 70",2013-05-06,146,1,2320,1,1,0,2320.0000,2320
2002,AW00013001,"Clarence Zhang",50,VIP,"45 - 70",2013-10-09,141,7,6799,7,7,17,971.2857,399.9412
1990,AW00012989,"Carly Goel",50,VIP,"45 - 70",2013-10-06,141,8,6817,8,8,18,852.1250,378.7222
1686,AW00012685,"Jaclyn Xu",47,VIP,"45 - 70",2013-10-09,141,8,6904,8,8,20,863.0000,345.2000
985,AW00011984,"Alex Campbell",62,New,"45 - 70",2013-05-06,146,6,4730,6,6,2,788.3333,2365.0000
3720,AW00014719,"Ronnie He",49,VIP,"45 - 70",2013-12-23,138,10,5512,10,10,20,551.2000,275.6000
2475,AW00013474,"Elizabeth Hall",65,New,"45 - 70",2013-10-21,140,14,340,14,14,5,24.2857,68.0000
3114,AW00014113,"Natalie Lopez",47,New,"45 - 70",2013-05-07,146,1,22,1,1,0,22.0000,22
2892,AW00013891,"Aaron Simmons",53,New,"45 - 70",2013-05-07,146,2,86,2,2,0,43.0000,86
1810,AW00012809,"Michele Navarro",52,New,"45 - 70",2013-05-07,146,2,40,2,2,0,20.0000,40
182,AW00011181,"Devin Martin",65,New,"45 - 70",2013-07-11,144,3,41,3,3,2,13.6667,20.5000
314,AW00011313,"Trevor Jenkins",66,New,"45 - 70",2013-11-26,139,4,44,4,4,6,11.0000,7.3333
1198,AW00012197,"Adam Hernandez",66,New,"45 - 70",2013-05-07,146,3,48,3,3,3,16.0000,16.0000
1558,AW00012557,"Phillip Lopez",79,New,"above 70",2013-05-07,146,3,50,3,3,0,16.6667,50
3286,AW00014285,"Taylor Hughes",39,New,"20 - 45",2013-05-07,146,3,1804,3,3,11,601.3333,164.0000
2909,AW00013908,"Alyssa Diaz",54,New,"45 - 70",2013-08-17,142,5,4715,5,5,3,943.0000,1571.6667
2076,AW00013075,"Kelvin Lin",64,VIP,"45 - 70",2013-10-18,140,7,6843,7,7,17,977.5714,402.5294
1344,AW00012343,"Gloria Ruiz",45,VIP,"20 - 45",2013-09-20,141,4,5568,4,4,20,1392.0000,278.4000
263,AW00011262,"Jennifer Simmons",50,New,"45 - 70",2014-01-22,137,63,1124,63,63,10,17.8413,112.4000
2004,AW00013003,"Jill Hernandez",47,New,"45 - 70",2013-07-14,143,6,230,6,6,4,38.3333,57.5000
2016,AW00013015,"Rebecca Parker",51,New,"45 - 70",2013-05-08,146,2,155,2,2,3,77.5000,51.6667
44,AW00011043,"Nathan Simmons",43,New,"20 - 45",2013-08-18,142,3,48,3,3,3,16.0000,16.0000
661,AW00011660,"Miranda Gonzales",45,New,"20 - 45",2013-08-16,142,15,323,15,15,3,21.5333,107.6667
2653,AW00013652,"Tamara Zeng",78,New,"above 70",2013-05-08,146,2,31,2,2,0,15.5000,31
2217,AW00013216,"Mary Mitchell",73,New,"above 70",2013-05-08,146,3,96,3,3,0,32.0000,96
556,AW00011555,"Alexandria Henderson",88,New,"above 70",2013-05-08,146,1,35,1,1,0,35.0000,35
2099,AW00013098,"Miguel Russell",62,New,"45 - 70",2013-05-08,146,2,72,2,2,0,36.0000,72
555,AW00011554,"Sydney Simmons",93,New,"above 70",2013-05-08,146,1,35,1,1,0,35.0000,35
1082,AW00012081,"Kaitlyn Perez",68,New,"45 - 70",2013-05-08,146,3,2367,3,3,0,789.0000,2367
1091,AW00012090,"Savannah Carter",71,New,"above 70",2013-05-08,146,3,2351,3,3,0,783.6667,2351
3282,AW00014281,"Daniel Wilson",46,New,"45 - 70",2013-09-14,141,7,4746,7,7,4,678.0000,1186.5000
2352,AW00013351,"Mariah Cox",75,Regular,"above 70",2013-05-08,146,2,4477,2,2,14,2238.5000,319.7857
241,AW00011240,"Anne Hernandez",61,VIP,"45 - 70",2013-05-13,145,13,7586,13,13,26,583.5385,291.7692
919,AW00011918,"Kaylee Hill",55,VIP,"45 - 70",2013-11-25,139,8,8205,8,8,25,1025.6250,328.2000
2081,AW00013080,"Denise Mehta",57,VIP,"45 - 70",2013-11-02,140,9,6844,9,9,17,760.4444,402.5882
980,AW00011979,"Christopher Johnson",62,New,"45 - 70",2013-05-08,146,8,4814,8,8,2,601.7500,2407.0000
1739,AW00012738,"Melinda Rubio",46,New,"45 - 70",2013-05-08,146,7,4956,7,7,6,708.0000,826.0000
1322,AW00012321,"Rosa Hu",68,VIP,"45 - 70",2013-11-21,139,15,13215,15,15,29,881.0000,455.6897
2255,AW00013254,"Beth Gomez",61,New,"45 - 70",2013-05-16,145,6,6801,6,6,5,1133.5000,1360.2000
2265,AW00013264,"Melanie Sanchez",63,VIP,"45 - 70",2013-10-07,141,8,7265,8,8,33,908.1250,220.1515
1136,AW00012135,"Fernando Taylor",62,New,"45 - 70",2013-07-01,144,2,85,2,2,1,42.5000,85.0000
2643,AW00013642,"Cassie Nara",49,New,"45 - 70",2013-05-15,145,3,80,3,3,0,26.6667,80
3057,AW00014056,"Nelson Sanz",59,New,"45 - 70",2014-01-18,137,4,128,4,4,8,32.0000,16.0000
660,AW00011659,"Miguel Adams",50,New,"45 - 70",2014-01-06,138,10,234,10,10,7,23.4000,33.4286
3181,AW00014180,"Henry Patel",73,New,"above 70",2013-05-09,146,1,33,1,1,0,33.0000,33
3718,AW00014717,"Abigail Rivera",48,New,"45 - 70",2013-05-09,146,5,114,5,5,1,22.8000,114.0000
2187,AW00013186,"Marcus Sanders",77,New,"above 70",2013-05-09,146,1,22,1,1,0,22.0000,22
789,AW00011788,"Destiny James",47,New,"45 - 70",2013-08-20,142,5,255,5,5,3,51.0000,85.0000
2323,AW00013322,"Elizabeth Patterson",66,New,"45 - 70",2013-05-09,146,2,86,2,2,0,43.0000,86
2231,AW00013230,"Chloe Bryant",72,Regular,"above 70",2013-05-09,146,4,4905,4,4,15,1226.2500,327.0000
2275,AW00013274,"Joshua Lee",54,Regular,"45 - 70",2013-05-09,146,6,4837,6,6,15,806.1667,322.4667
2427,AW00013426,"Taylor Williams",55,Regular,"45 - 70",2013-05-09,146,3,4499,3,3,14,1499.6667,321.3571
2355,AW00013354,"Eric Campbell",69,Regular,"45 - 70",2013-05-09,146,3,4499,3,3,14,1499.6667,321.3571
2325,AW00013324,"Florian Stiller",82,Regular,"above 70",2013-05-09,146,6,4527,6,6,15,754.5000,301.8000
3133,AW00014132,"Brandon Ross",42,New,"20 - 45",2013-05-09,146,3,3804,3,3,8,1268.0000,475.5000
10,AW00011009,"Shannon Carlson",55,VIP,"45 - 70",2013-05-09,146,5,8091,5,5,27,1618.2000,299.6667
2001,AW00013000,"Rafael Raje",44,VIP,"20 - 45",2013-10-23,140,6,6799,6,6,18,1133.1667,377.7222
1463,AW00012462,"Levi Suri",51,New,"45 - 70",2013-05-09,146,8,5048,8,8,8,631.0000,631.0000
2253,AW00013252,"Bianca Lu",61,New,"45 - 70",2013-05-18,145,5,6820,5,5,6,1364.0000,1136.6667
1620,AW00012619,"Priscilla Rai",50,VIP,"45 - 70",2013-10-08,141,6,5200,6,6,14,866.6667,371.4286
854,AW00011853,"Grace Jones",45,New,"20 - 45",2013-06-20,144,3,90,3,3,1,30.0000,90.0000
2671,AW00013670,"Brittney Zeng",56,New,"45 - 70",2013-12-02,139,5,178,5,5,9,35.6000,19.7778
1696,AW00012695,"Kari Ruiz",48,New,"45 - 70",2013-10-12,140,4,193,4,4,5,48.2500,38.6000
1917,AW00012916,"Natalie Ross",44,New,"20 - 45",2013-12-07,139,9,261,9,9,6,29.0000,43.5000
3468,AW00014467,"Aidan Russell",58,New,"45 - 70",2013-05-10,146,2,40,2,2,0,20.0000,40
2468,AW00013467,"Kristopher Martinez",59,New,"45 - 70",2013-05-10,146,1,22,1,1,0,22.0000,22
1158,AW00012157,"William White",85,New,"above 70",2013-11-29,139,2,43,2,2,6,21.5000,7.1667
3022,AW00014021,"Michelle Richardson",44,New,"20 - 45",2013-05-10,146,1,22,1,1,0,22.0000,22
1377,AW00012376,"Holly Perez",39,New,"20 - 45",2013-06-04,145,3,75,3,3,0,25.0000,75
2394,AW00013393,"Willie Kumar",68,New,"45 - 70",2013-05-10,146,3,2352,3,3,0,784.0000,2352
4,AW00011003,"Christy Zhu",51,VIP,"45 - 70",2013-05-10,146,9,8139,9,9,28,904.3333,290.6786
2577,AW00013576,"Tamara Lal",64,VIP,"45 - 70",2013-06-21,144,7,8330,7,7,29,1190.0000,287.2414
1284,AW00012283,"Todd Zeng",44,VIP,"20 - 45",2013-05-11,146,6,5583,6,6,13,930.5000,429.4615
331,AW00011330,"Ryan Thompson",79,New,"above 70",2014-01-22,137,57,1134,57,57,11,19.8947,103.0909
3213,AW00014212,"Erick Madan",44,New,"20 - 45",2013-06-08,145,4,82,4,4,0,20.5000,82
3678,AW00014677,"Ross Hernandez",47,New,"45 - 70",2013-12-26,138,4,81,4,4,7,20.2500,11.5714
3545,AW00014544,"Darryl West",62,New,"45 - 70",2013-05-11,146,2,40,2,2,0,20.0000,40
543,AW00011542,"Alejandro Tang",45,New,"20 - 45",2013-05-11,146,3,34,3,3,0,11.3333,34
1520,AW00012519,"Casey Gutierrez",42,New,"20 - 45",2014-01-12,137,2,71,2,2,8,35.5000,8.8750
3971,AW00014970,"Bruce Chandra",42,New,"20 - 45",2013-11-27,139,4,159,4,4,6,39.7500,26.5000
3154,AW00014153,"Dylan Lewis",49,New,"45 - 70",2013-05-11,146,3,49,3,3,0,16.3333,49
207,AW00011206,"Blake Flores",71,New,"above 70",2013-05-30,145,4,77,4,4,0,19.2500,77
731,AW00011730,"Emma Torres",59,New,"45 - 70",2014-01-08,138,5,134,5,5,7,26.8000,19.1429
1554,AW00012553,"Toni Fernandez",81,New,"above 70",2013-05-11,146,1,10,1,1,0,10.0000,10
3271,AW00014270,"James Ross",44,New,"20 - 45",2013-05-11,146,4,1793,4,4,10,448.2500,179.3000
2429,AW00013428,"Marcus Ramirez",55,New,"45 - 70",2013-05-11,146,2,2317,2,2,0,1158.5000,2317
2317,AW00013316,"Angel Rivera",65,Regular,"45 - 70",2013-05-11,146,5,4577,5,5,14,915.4000,326.9286
1707,AW00012706,"Louis Liang",45,VIP,"20 - 45",2013-10-18,140,9,6851,9,9,18,761.2222,380.6111
1988,AW00012987,"Felicia Moreno",45,VIP,"20 - 45",2013-10-14,140,4,6759,4,4,17,1689.7500,397.5882
2262,AW00013261,"Lindsey Andersen",62,VIP,"45 - 70",2013-09-30,141,6,7200,6,6,32,1200.0000,225.0000
593,AW00011592,"Darrell Raji",41,VIP,"20 - 45",2013-05-12,145,3,5875,3,3,28,1958.3333,209.8214
589,AW00011588,"Candace Mehta",55,New,"45 - 70",2013-05-12,145,2,4369,2,2,5,2184.5000,873.8000
1788,AW00012787,"Katelyn Cook",57,New,"45 - 70",2013-09-25,141,5,53,5,5,4,10.6000,13.2500
3075,AW00014074,"Barbara Xu",70,New,"45 - 70",2013-05-27,145,3,60,3,3,0,20.0000,60
1697,AW00012696,"Stacey Hu",43,New,"20 - 45",2014-01-16,137,5,232,5,5,8,46.4000,29.0000
3092,AW00014091,"Logan Thomas",42,New,"20 - 45",2013-08-05,143,11,251,11,11,6,22.8182,41.8333
511,AW00011510,"Seth Roberts",66,New,"45 - 70",2013-12-26,138,16,257,16,16,9,16.0625,28.5556
3877,AW00014876,"Nathan Anderson",88,New,"above 70",2013-05-12,145,2,13,2,2,0,6.5000,13
3800,AW00014799,"Katie Xu",48,New,"45 - 70",2013-05-12,145,5,163,5,5,2,32.6000,81.5000
1665,AW00012664,"Krista Gill",73,New,"above 70",2013-10-09,141,4,78,4,4,4,19.5000,19.5000
843,AW00011842,"Justin Wilson",55,New,"45 - 70",2013-12-04,139,4,99,4,4,6,24.7500,16.5000
1606,AW00012605,"Carol Cooper",48,New,"45 - 70",2013-05-12,145,1,10,1,1,0,10.0000,10
3335,AW00014334,"Patrick Murphy",39,New,"20 - 45",2013-05-12,145,4,1848,4,4,9,462.0000,205.3333
2441,AW00013440,"Sydney Miller",52,New,"45 - 70",2013-08-06,143,5,4819,5,5,2,963.8000,2409.5000
2395,AW00013394,"Matthew Clark",68,New,"45 - 70",2013-05-12,145,4,2319,4,4,0,579.7500,2319
1996,AW00012995,"Grant Nara",49,VIP,"45 - 70",2013-10-26,140,7,6850,7,7,18,978.5714,380.5556
3932,AW00014931,"Andres Pal",51,VIP,"45 - 70",2013-06-28,144,10,6981,10,10,13,698.1000,537.0000
1240,AW00012239,"Alberto Ramos",77,VIP,"above 70",2013-12-17,138,8,6901,8,8,20,862.6250,345.0500
1881,AW00012880,"Luis Hayes",46,New,"45 - 70",2013-10-18,140,8,200,8,8,5,25.0000,40.0000
3623,AW00014622,"Brandon Patterson",57,New,"45 - 70",2013-05-13,145,4,29,4,4,0,7.2500,29
2574,AW00013573,"Edwin Pal",51,New,"45 - 70",2013-05-13,145,2,120,2,2,0,60.0000,120
3363,AW00014362,"Roberto Gill",47,New,"45 - 70",2013-05-13,145,4,1845,4,4,9,461.2500,205.0000
3338,AW00014337,"Olivia Coleman",41,New,"20 - 45",2013-05-13,145,6,1814,6,6,9,302.3333,201.5556
29,AW00011028,"Jill Jimenez",73,VIP,"above 70",2013-10-07,141,5,6474,5,5,32,1294.8000,202.3125
1022,AW00012021,"Deborah Yuan",73,Regular,"above 70",2013-05-13,145,5,4044,5,5,17,808.8000,237.8824
3523,AW00014522,"Omar Zheng",72,New,"above 70",2013-09-24,141,5,127,5,5,4,25.4000,31.7500
534,AW00011533,"Ebony Gill",56,New,"45 - 70",2014-01-10,138,2,37,2,2,7,18.5000,5.2857
274,AW00011273,"Nathan Lal",63,New,"45 - 70",2013-05-23,145,8,273,8,8,0,34.1250,273
862,AW00011861,"Katherine Carter",57,New,"45 - 70",2013-12-22,138,13,287,13,13,7,22.0769,41.0000
2181,AW00013180,"Leslie Sanz",77,New,"above 70",2013-08-26,142,4,201,4,4,3,50.2500,67.0000
715,AW00011714,"Alexandria Long",57,New,"45 - 70",2013-05-14,145,3,94,3,3,2,31.3333,47.0000
3356,AW00014355,"Ian King",46,New,"45 - 70",2013-05-14,145,3,1804,3,3,9,601.3333,200.4444
3331,AW00014330,"Matthew Harris",43,New,"20 - 45",2013-05-14,145,4,806,4,4,0,201.5000,806
3337,AW00014336,"Gabriel Baker",41,New,"20 - 45",2013-05-14,145,4,1893,4,4,10,473.2500,189.3000
2274,AW00013273,"Elizabeth Lee",86,Regular,"above 70",2013-05-14,145,4,4658,4,4,14,1164.5000,332.7143
2404,AW00013403,"Jennifer Jackson",67,Regular,"45 - 70",2013-05-14,145,4,4579,4,4,14,1144.7500,327.0714
1087,AW00012086,"Emily Clark",72,New,"above 70",2013-05-14,145,1,2295,1,1,0,2295.0000,2295
3848,AW00014847,"Vadim Sazanovich",45,VIP,"20 - 45",2013-11-19,139,7,6725,7,7,27,960.7143,249.0741
7,AW00011006,"Janet Alvarez",48,VIP,"45 - 70",2013-05-14,145,5,8119,5,5,27,1623.8000,300.7037
3738,AW00014737,"Dominic Srini",65,Regular,"45 - 70",2013-05-14,145,3,1873,3,3,20,624.3333,93.6500
1226,AW00012225,"Kathleen Ortega",61,New,"45 - 70",2013-05-15,145,4,4381,4,4,11,1095.2500,398.2727
2997,AW00013996,"Marie Perez",66,New,"45 - 70",2013-06-30,144,4,66,4,4,1,16.5000,66.0000
2996,AW00013995,"Michele Black",72,New,"above 70",2013-11-17,139,3,65,3,3,6,21.6667,10.8333
2801,AW00013800,"Logan Li",56,Regular,"45 - 70",2013-05-15,145,3,3262,3,3,15,1087.3333,217.4667
1970,AW00012969,"Richard Rodriguez",59,New,"45 - 70",2013-10-12,140,12,180,12,12,4,15.0000,45.0000
2757,AW00013756,"Kaylee Young",60,New,"45 - 70",2013-06-22,144,13,298,13,13,3,22.9231,99.3333
1494,AW00012493,"Dwayne Vazquez",54,New,"45 - 70",2013-05-15,145,2,70,2,2,0,35.0000,70
1958,AW00012957,"Isabella Lopez",57,New,"45 - 70",2013-12-27,138,2,44,2,2,7,22.0000,6.2857
1643,AW00012642,"Jimmy Carlson",60,New,"45 - 70",2013-05-15,145,1,9,1,1,0,9.0000,9
2365,AW00013364,"Natalie Anderson",73,New,"above 70",2013-05-15,145,2,57,2,2,0,28.5000,57
773,AW00011772,"Cameron Moore",41,VIP,"20 - 45",2013-05-15,145,4,5913,4,4,19,1478.2500,311.2105
1704,AW00012703,"Renee Suarez",48,VIP,"45 - 70",2013-10-03,141,8,6891,8,8,17,861.3750,405.3529
1706,AW00012705,"Andre Garcia",44,VIP,"20 - 45",2013-10-18,140,7,6854,7,7,18,979.1429,380.7778
1695,AW00012694,"Jay Arthur",42,VIP,"20 - 45",2013-10-09,141,5,6785,5,5,18,1357.0000,376.9444
1632,AW00012631,"Clarence Gao",75,VIP,"above 70",2013-06-07,145,11,10799,11,11,19,981.7273,568.3684
1264,AW00012263,"Emmanuel Garcia",59,VIP,"45 - 70",2013-12-27,138,8,6829,8,8,20,853.6250,341.4500
863,AW00011862,"Olivia Peterson",52,New,"45 - 70",2013-10-23,140,5,209,5,5,5,41.8000,41.8000
142,AW00011141,"Nicole Ramirez",42,New,"20 - 45",2013-09-28,141,5,114,5,5,4,22.8000,28.5000
3484,AW00014483,"Nicole Henderson",59,New,"45 - 70",2013-05-16,145,2,40,2,2,0,20.0000,40
1813,AW00012812,"Brandi Sanz",52,New,"45 - 70",2013-05-16,145,3,50,3,3,0,16.6667,50
2788,AW00013787,"Glenn Cai",53,New,"45 - 70",2013-05-16,145,2,60,2,2,0,30.0000,60
2423,AW00013422,"Jacqueline Washington",43,New,"20 - 45",2013-05-16,145,3,81,3,3,0,27.0000,81
2284,AW00013283,"Dakota Griffin",63,Regular,"45 - 70",2013-05-16,145,3,4499,3,3,15,1499.6667,299.9333
744,AW00011743,"Chase Kelly",50,VIP,"45 - 70",2013-05-16,145,2,5898,2,2,18,2949.0000,327.6667
1701,AW00012700,"Mindy Kumar",48,VIP,"45 - 70",2013-10-24,140,7,6860,7,7,17,980.0000,403.5294
1997,AW00012996,"Jaclyn Liu",49,VIP,"45 - 70",2013-10-02,141,4,6808,4,4,17,1702.0000,400.4706
